"gene"	"adj.pval.Initial.Treatment"
"PGEN_.00g081970"	0
"PGEN_.00g086530"	0
"PGEN_.00g167890"	0
"PGEN_.00g049230"	2.17097606665124e-267
"PGEN_.00g165230"	1.64287010149907e-191
"PGEN_.00g279150"	1.79895250745383e-179
"PGEN_.00g277910"	4.4767466219471e-124
"PGEN_.00g081360"	1.27792009101694e-98
"PGEN_.00g198010"	1.06405216746726e-94
"PGEN_.00g127230"	9.72634323990389e-89
"PGEN_.00g334400"	3.90984339002125e-88
"PGEN_.00g316430"	6.11905060694184e-85
"PGEN_.00g291910"	7.59354194203148e-83
"PGEN_.00g279140"	1.9063954100382e-81
"PGEN_.00g147380"	6.18682524079999e-81
"PGEN_.00g208580"	1.51022692051445e-76
"PGEN_.00g043790"	1.30398028402998e-73
"PGEN_.00g231770"	3.88337077143344e-65
"PGEN_.00g213350"	3.99758363185048e-63
"PGEN_.00g009320"	5.98755384917355e-53
"PGEN_.00g076380"	1.40097659026782e-52
"PGEN_.00g068720"	4.69321516489737e-50
"PGEN_.00g101030"	1.81813409680696e-46
"PGEN_.00g149270"	1.34241865059941e-45
"PGEN_.00g322650"	1.29691595075483e-44
"PGEN_.00g168070"	1.71490811788585e-44
"PGEN_.00g278820"	4.20859715071636e-44
"PGEN_.00g106980"	1.01696283148223e-42
"PGEN_.00g345540"	6.03154294825204e-42
"PGEN_.00g101840"	3.27615934492435e-41
"PGEN_.00g130700"	8.00656793954642e-40
"PGEN_.00g035080"	1.61335887347129e-39
"PGEN_.00g342450"	2.38829347613209e-39
"PGEN_.00g282120"	2.43904179317159e-39
"PGEN_.00g113990"	6.55935210619287e-38
"PGEN_.00g309030"	1.62873157562572e-37
"PGEN_.00g032730"	7.57402440140204e-36
"PGEN_.00g295480"	1.76254021053524e-35
"PGEN_.00g233360"	1.50659266182294e-34
"PGEN_.00g151250"	6.21892500630422e-34
"PGEN_.00g342460"	2.92583860881598e-33
"PGEN_.00g295080"	2.05397350429577e-32
"PGEN_.00g208420"	6.33634094971515e-32
"PGEN_.00g209370"	5.5134890776708e-31
"PGEN_.00g073800"	9.97613703607517e-31
"PGEN_.00g164020"	1.27360345993926e-29
"PGEN_.00g116710"	8.97269359572477e-28
"PGEN_.00g215440"	1.7332979332213e-27
"PGEN_.00g312690"	1.95261166442312e-27
"PGEN_.00g346240"	1.53033791539607e-26
"PGEN_.00g127190"	1.59134046379009e-26
"PGEN_.00g337850"	2.87464045048805e-26
"PGEN_.00g308970"	9.25141044725216e-26
"PGEN_.00g003330"	1.04663354759666e-25
"PGEN_.00g291920"	1.50972701314974e-25
"PGEN_.00g296000"	7.54773753077172e-25
"PGEN_.00g328960"	5.51916196176263e-24
"PGEN_.00g188760"	2.03222548629107e-23
"PGEN_.00g038260"	8.44997324743996e-23
"PGEN_.00g051380"	1.07959774202886e-22
"PGEN_.00g285330"	3.35377711984553e-22
"PGEN_.00g251710"	1.27484256041207e-21
"PGEN_.00g131080"	1.93847471001953e-21
"PGEN_.00g345410"	1.98297932550517e-21
"PGEN_.00g073580"	2.39233811081345e-21
"PGEN_.00g149290"	4.25961088732481e-21
"PGEN_.00g213500"	8.05738782303742e-21
"PGEN_.00g299810"	3.76669022946281e-20
"PGEN_.00g277360"	2.07794667254711e-19
"PGEN_.00g160750"	2.49200261353812e-19
"PGEN_.00g273120"	4.72708613963314e-19
"PGEN_.00g164940"	4.79762044394474e-19
"PGEN_.00g194180"	5.43600432805318e-19
"PGEN_.00g309060"	1.16118626767995e-18
"PGEN_.00g133470"	1.30004926480524e-18
"PGEN_.00g175550"	2.49488758999788e-18
"PGEN_.00g186170"	5.108502633284e-18
"PGEN_.00g282450"	5.7934699538019e-17
"PGEN_.00g097550"	5.85279948570918e-17
"PGEN_.00g133120"	6.47233071548682e-17
"PGEN_.00g203280"	7.82690577680464e-17
"PGEN_.00g243400"	1.8744483161383e-16
"PGEN_.00g114520"	2.44891594004417e-16
"PGEN_.00g024960"	3.67030485762219e-16
"PGEN_.00g208340"	3.67030485762219e-16
"PGEN_.00g232340"	9.34103580318632e-16
"PGEN_.00g209090"	1.01198425645393e-15
"PGEN_.00g068680"	1.9924123266612e-15
"PGEN_.00g221890"	5.69648389442052e-15
"PGEN_.00g148340"	7.79869822125826e-15
"PGEN_.00g125380"	8.05176913896313e-15
"PGEN_.00g252700"	1.15487296794581e-14
"PGEN_.00g076070"	1.17196593768755e-14
"PGEN_.00g166960"	1.52225538448219e-14
"PGEN_.00g201390"	1.56496374935996e-14
"PGEN_.00g163400"	1.71308621481326e-14
"PGEN_.00g023790"	1.80216923497912e-14
"PGEN_.00g089590"	1.97107868437924e-14
"PGEN_.00g131120"	2.65468930349117e-14
"PGEN_.00g149640"	2.77009958209978e-14
"PGEN_.00g273380"	3.36724880362773e-14
"PGEN_.00g245070"	3.70553861110014e-14
"PGEN_.00g098560"	4.36871897243235e-14
"PGEN_.00g310570"	4.44610866938199e-14
"PGEN_.00g064870"	8.25489786869488e-14
"PGEN_.00g069610"	8.50006180782909e-14
"PGEN_.00g139540"	1.12822792537192e-13
"PGEN_.00g325690"	1.15015172164233e-13
"PGEN_.00g074470"	1.37843618017413e-13
"PGEN_.00g059600"	2.7231799651788e-13
"PGEN_.00g289180"	2.7231799651788e-13
"PGEN_.00g129780"	2.97538495866067e-13
"PGEN_.00g164270"	3.15818925499198e-13
"PGEN_.00g042060"	3.62201342149473e-13
"PGEN_.00g299840"	4.12993846141888e-13
"PGEN_.00g169560"	4.34200742651447e-13
"PGEN_.00g027530"	5.04615925808034e-13
"PGEN_.00g279730"	5.45877178265447e-13
"PGEN_.00g039910"	7.43076197811576e-13
"PGEN_.00g108700"	7.80121064753775e-13
"PGEN_.00g022180"	8.34337655598348e-13
"PGEN_.00g150310"	1.13040983520774e-12
"PGEN_.00g140310"	1.14106539337965e-12
"PGEN_.00g114980"	1.14920526067599e-12
"PGEN_.00g190090"	1.28360728092157e-12
"PGEN_.00g086480"	1.66184825611692e-12
"PGEN_.00g016220"	1.76723544295384e-12
"PGEN_.00g203960"	1.97925627371604e-12
"PGEN_.00g234300"	2.06544630187391e-12
"PGEN_.00g291060"	2.10091810024473e-12
"PGEN_.00g139570"	3.90054894283204e-12
"PGEN_.00g104250"	5.80531509570046e-12
"PGEN_.00g185240"	5.83457580747052e-12
"PGEN_.00g126640"	8.6183613724938e-12
"PGEN_.00g146050"	9.39235417987698e-12
"PGEN_.00g010450"	9.83020605567345e-12
"PGEN_.00g013950"	1.41670829926361e-11
"PGEN_.00g197680"	1.54641054455131e-11
"PGEN_.00g123920"	1.74215489421183e-11
"PGEN_.00g198170"	2.09581354107394e-11
"PGEN_.00g204470"	2.22765576291168e-11
"PGEN_.00g333690"	2.22765576291168e-11
"PGEN_.00g240760"	3.27705626708912e-11
"PGEN_.00g077870"	3.2842746996848e-11
"PGEN_.00g190430"	4.80199180302452e-11
"PGEN_.00g171670"	5.29345779472415e-11
"PGEN_.00g003320"	6.4846425660795e-11
"PGEN_.00g026390"	7.31748944995982e-11
"PGEN_.00g274160"	8.13468776474804e-11
"PGEN_.00g236280"	8.43565901837015e-11
"PGEN_.00g166940"	9.69835257572742e-11
"PGEN_.00g078820"	1.02183676796834e-10
"PGEN_.00g017310"	1.1764018516626e-10
"PGEN_.00g143270"	1.24728438603604e-10
"PGEN_.00g043300"	1.25631747095955e-10
"PGEN_.00g166530"	1.25631747095955e-10
"PGEN_.00g309570"	1.297080624731e-10
"PGEN_.00g310440"	1.51713961882292e-10
"PGEN_.00g348620"	1.58070893884495e-10
"PGEN_.00g100950"	1.78002871676837e-10
"PGEN_.00g328520"	1.79618937639131e-10
"PGEN_.00g052170"	2.71637972745112e-10
"PGEN_.00g212500"	2.74525805397302e-10
"PGEN_.00g229290"	2.99102527255322e-10
"PGEN_.00g139560"	3.11967120065073e-10
"PGEN_.00g065700"	3.19316760791561e-10
"PGEN_.00g177540"	3.33255672265807e-10
"PGEN_.00g191340"	3.33255672265807e-10
"PGEN_.00g148470"	3.94505317637173e-10
"PGEN_.00g203950"	4.06955772729442e-10
"PGEN_.00g020420"	4.16898202392161e-10
"PGEN_.00g154890"	4.17503154957554e-10
"PGEN_.00g045970"	4.80527228390512e-10
"PGEN_.00g112000"	4.80527228390512e-10
"PGEN_.00g261080"	4.92606995710019e-10
"PGEN_.00g115170"	4.92671343653112e-10
"PGEN_.00g291070"	5.15327886226957e-10
"PGEN_.00g079760"	6.71101933309635e-10
"PGEN_.00g036880"	6.7768068017116e-10
"PGEN_.00g149280"	9.33696536078495e-10
"PGEN_.00g277890"	1.39872257316155e-09
"PGEN_.00g202020"	1.56578367913215e-09
"PGEN_.00g049510"	1.6956699451494e-09
"PGEN_.00g014370"	1.70717113081924e-09
"PGEN_.00g190710"	1.86029652692795e-09
"PGEN_.00g060400"	1.99802808666761e-09
"PGEN_.00g284690"	2.10559574046848e-09
"PGEN_.00g292360"	2.44287549553439e-09
"PGEN_.00g076180"	2.85122931109085e-09
"PGEN_.00g164830"	3.55017569405799e-09
"PGEN_.00g316170"	4.15627215498851e-09
"PGEN_.00g166920"	4.41981869488679e-09
"PGEN_.00g180050"	4.45609993530058e-09
"PGEN_.00g305530"	5.15827303334152e-09
"PGEN_.00g010510"	5.74955941002062e-09
"PGEN_.00g273250"	5.94246093260056e-09
"PGEN_.00g055170"	7.3528162758542e-09
"PGEN_.00g177600"	8.47882790924368e-09
"PGEN_.00g057380"	9.70625896658065e-09
"PGEN_.00g194770"	9.93768159260376e-09
"PGEN_.00g023640"	1.00810259068726e-08
"PGEN_.00g154790"	1.00810259068726e-08
"PGEN_.00g339540"	1.25193322333099e-08
"PGEN_.00g030340"	1.30331993766553e-08
"PGEN_.00g294980"	1.38213529865039e-08
"PGEN_.00g295490"	1.49799210253151e-08
"PGEN_.00g060650"	1.53980604300398e-08
"PGEN_.00g293770"	1.63560572871685e-08
"PGEN_.00g067250"	1.73983782043294e-08
"PGEN_.00g092080"	1.79983622207305e-08
"PGEN_.00g116640"	1.92991253735121e-08
"PGEN_.00g228480"	2.09597286987359e-08
"PGEN_.00g263030"	2.36767775626664e-08
"PGEN_.00g144670"	2.36833081997752e-08
"PGEN_.00g263790"	2.4734270637564e-08
"PGEN_.00g171290"	2.55760871748631e-08
"PGEN_.00g072210"	2.73753102931969e-08
"PGEN_.00g303160"	2.73753102931969e-08
"PGEN_.00g291540"	2.7451667099527e-08
"PGEN_.00g318790"	2.81024568587378e-08
"PGEN_.00g106140"	2.85268967756738e-08
"PGEN_.00g130160"	3.17301847736141e-08
"PGEN_.00g300060"	3.30083873493427e-08
"PGEN_.00g055620"	3.59141064916459e-08
"PGEN_.00g050180"	3.73800748080879e-08
"PGEN_.00g302860"	4.07493744222091e-08
"PGEN_.00g131450"	4.18814980027491e-08
"PGEN_.00g338160"	5.26748943702712e-08
"PGEN_.00g000180"	5.30832043468501e-08
"PGEN_.00g109360"	5.34950392647056e-08
"PGEN_.00g083960"	5.36713838834319e-08
"PGEN_.00g206830"	5.37304715682813e-08
"PGEN_.00g120380"	6.52007156533469e-08
"PGEN_.00g194760"	8.16440717457701e-08
"PGEN_.00g034500"	8.21643305860391e-08
"PGEN_.00g304970"	8.51475328347281e-08
"PGEN_.00g336030"	9.25717992022673e-08
"PGEN_.00g187810"	9.81931525884279e-08
"PGEN_.00g090230"	1.02209533398923e-07
"PGEN_.00g087910"	1.07373608427734e-07
"PGEN_.00g187930"	1.17492153721305e-07
"PGEN_.00g318170"	1.29502180326182e-07
"PGEN_.00g055690"	1.32323407591835e-07
"PGEN_.00g143460"	1.43168705584194e-07
"PGEN_.00g185020"	1.53534177001513e-07
"PGEN_.00g291200"	1.58423799471756e-07
"PGEN_.00g041110"	1.65473953272295e-07
"PGEN_.00g128070"	1.67250989701879e-07
"PGEN_.00g067800"	1.78202849570951e-07
"PGEN_.00g127200"	1.83635768324586e-07
"PGEN_.00g055200"	1.97779162547951e-07
"PGEN_.00g180630"	2.30016656634222e-07
"PGEN_.00g120700"	2.3914346455215e-07
"PGEN_.00g062630"	2.56875886841803e-07
"PGEN_.00g336970"	2.62700449145066e-07
"PGEN_.00g207740"	2.80753677644804e-07
"PGEN_.00g279710"	2.81543913435524e-07
"PGEN_.00g326070"	2.83979233286576e-07
"PGEN_.00g051410"	3.41644729154677e-07
"PGEN_.00g233560"	3.41644729154677e-07
"PGEN_.00g082390"	3.45331582058002e-07
"PGEN_.00g179440"	3.45331582058002e-07
"PGEN_.00g063030"	3.47449129028711e-07
"PGEN_.00g130130"	3.49100246316818e-07
"PGEN_.00g200990"	3.49100246316818e-07
"PGEN_.00g095220"	3.57717871093552e-07
"PGEN_.00g086210"	3.70194486004409e-07
"PGEN_.00g098830"	3.9711737458836e-07
"PGEN_.00g051430"	4.57083963530111e-07
"PGEN_.00g202160"	4.74855742864537e-07
"PGEN_.00g303930"	5.03351872160469e-07
"PGEN_.00g243810"	5.09279859899814e-07
"PGEN_.00g069450"	5.18976814021615e-07
"PGEN_.00g003970"	5.58345658800199e-07
"PGEN_.00g227970"	5.71659048930209e-07
"PGEN_.00g060440"	5.83388075688202e-07
"PGEN_.00g058720"	5.94776394025811e-07
"PGEN_.00g329630"	6.18182129039551e-07
"PGEN_.00g204300"	6.38763385703709e-07
"PGEN_.00g034440"	6.40791499207895e-07
"PGEN_.00g279210"	6.48383848924985e-07
"PGEN_.00g288440"	6.5264846002907e-07
"PGEN_.00g345220"	6.56095178928706e-07
"PGEN_.00g130110"	6.79864497648073e-07
"PGEN_.00g072950"	6.86214789286296e-07
"PGEN_.00g255630"	6.86214789286296e-07
"PGEN_.00g192640"	7.40406580086668e-07
"PGEN_.00g070620"	7.42293508900636e-07
"PGEN_.00g235990"	7.42661025831693e-07
"PGEN_.00g109630"	8.19704290957725e-07
"PGEN_.00g221000"	8.3437796862633e-07
"PGEN_.00g286080"	8.97849598616596e-07
"PGEN_.00g136060"	9.7582939985614e-07
"PGEN_.00g289490"	9.88810796149963e-07
"PGEN_.00g247700"	1.06653012063082e-06
"PGEN_.00g005310"	1.31802704426534e-06
"PGEN_.00g221880"	1.31802704426534e-06
"PGEN_.00g172140"	1.35491263394919e-06
"PGEN_.00g097800"	1.47961414388147e-06
"PGEN_.00g145870"	1.56404993782324e-06
"PGEN_.00g086020"	1.59677810345968e-06
"PGEN_.00g193590"	1.68858074048012e-06
"PGEN_.00g065950"	1.70627465124926e-06
"PGEN_.00g326080"	1.8607344628086e-06
"PGEN_.00g054210"	1.88873462484586e-06
"PGEN_.00g063400"	1.89453403405525e-06
"PGEN_.00g101990"	1.90733458136439e-06
"PGEN_.00g305680"	2.01785992177055e-06
"PGEN_.00g028040"	2.01978842482715e-06
"PGEN_.00g124830"	2.04093941123998e-06
"PGEN_.00g116020"	2.23990460166618e-06
"PGEN_.00g080730"	2.24086032820319e-06
"PGEN_.00g111090"	2.27042232784508e-06
"PGEN_.00g291050"	2.29151069989848e-06
"PGEN_.00g185010"	2.31816518987778e-06
"PGEN_.00g316700"	2.3560180930267e-06
"PGEN_.00g010910"	2.35890227579421e-06
"PGEN_.00g249400"	2.42402086908656e-06
"PGEN_.00g237280"	2.5468053691939e-06
"PGEN_.00g150020"	2.55998946220272e-06
"PGEN_.00g027930"	2.57262104993909e-06
"PGEN_.00g173630"	2.59484085308563e-06
"PGEN_.00g073260"	2.7685481864845e-06
"PGEN_.00g125980"	2.78571145903224e-06
"PGEN_.00g062120"	2.88409365321724e-06
"PGEN_.00g174200"	3.07968293802463e-06
"PGEN_.00g087850"	3.09538699967202e-06
"PGEN_.00g109600"	3.09538699967202e-06
"PGEN_.00g288010"	3.09538699967202e-06
"PGEN_.00g171020"	3.47026736365869e-06
"PGEN_.00g154630"	3.82111924986777e-06
"PGEN_.00g228070"	4.19447590360049e-06
"PGEN_.00g097430"	4.35186482539572e-06
"PGEN_.00g295860"	4.38698206127257e-06
"PGEN_.00g235980"	4.48732936296271e-06
"PGEN_.00g235970"	4.48732936296271e-06
"PGEN_.00g074780"	4.77610557785562e-06
"PGEN_.00g252830"	4.77610557785562e-06
"PGEN_.00g075170"	4.87479303232512e-06
"PGEN_.00g016980"	5.22848684025584e-06
"PGEN_.00g187880"	5.23468572364951e-06
"PGEN_.00g238720"	5.5750626877136e-06
"PGEN_.00g286500"	6.1940091793403e-06
"PGEN_.00g253390"	6.28364703174407e-06
"PGEN_.00g296710"	6.74040065029515e-06
"PGEN_.00g170740"	6.79785107892841e-06
"PGEN_.00g220640"	6.80266712457641e-06
"PGEN_.00g311190"	7.14671120691433e-06
"PGEN_.00g213170"	7.23204738849755e-06
"PGEN_.00g071370"	7.23518114898366e-06
"PGEN_.00g229850"	7.44372723864492e-06
"PGEN_.00g218090"	7.83997854514041e-06
"PGEN_.00g278340"	8.56160246189476e-06
"PGEN_.00g111610"	8.77812299775504e-06
"PGEN_.00g150230"	8.82592071168735e-06
"PGEN_.00g126170"	9.19142728917419e-06
"PGEN_.00g206430"	9.19142728917419e-06
"PGEN_.00g291580"	9.19142728917419e-06
"PGEN_.00g311360"	9.34765936045224e-06
"PGEN_.00g206990"	9.95752771312482e-06
"PGEN_.00g332240"	1.03167177333165e-05
"PGEN_.00g344090"	1.03263273519653e-05
"PGEN_.00g281850"	1.03914288398166e-05
"PGEN_.00g072310"	1.12248753482995e-05
"PGEN_.00g131030"	1.12652095797231e-05
"PGEN_.00g021210"	1.16396073767549e-05
"PGEN_.00g284710"	1.17071721629921e-05
"PGEN_.00g162300"	1.19181875262606e-05
"PGEN_.00g113810"	1.2133802013215e-05
"PGEN_.00g173230"	1.22158171778136e-05
"PGEN_.00g013860"	1.27334924488261e-05
"PGEN_.00g089850"	1.29072563052979e-05
"PGEN_.00g132400"	1.29347363182455e-05
"PGEN_.00g097340"	1.33527339173933e-05
"PGEN_.00g058020"	1.33809943636905e-05
"PGEN_.00g026850"	1.37017378405818e-05
"PGEN_.00g284960"	1.50170826100487e-05
"PGEN_.00g198820"	1.55400143030639e-05
"PGEN_.00g294540"	1.62763580586679e-05
"PGEN_.00g073040"	1.6315730845757e-05
"PGEN_.00g061360"	1.63274357224611e-05
"PGEN_.00g103320"	1.68529753375026e-05
"PGEN_.00g311750"	1.7270861119996e-05
"PGEN_.00g036470"	1.77175347982847e-05
"PGEN_.00g101830"	1.77175347982847e-05
"PGEN_.00g203450"	1.96794343219673e-05
"PGEN_.00g301580"	2.21424128538803e-05
"PGEN_.00g016570"	2.28848062177676e-05
"PGEN_.00g282560"	2.28875470054762e-05
"PGEN_.00g184750"	2.37359162894288e-05
"PGEN_.00g051240"	2.45196333300762e-05
"PGEN_.00g156700"	2.47619825996048e-05
"PGEN_.00g234920"	2.6103944552448e-05
"PGEN_.00g202630"	2.71039841507963e-05
"PGEN_.00g302590"	2.71574916164568e-05
"PGEN_.00g084590"	2.79506082030639e-05
"PGEN_.00g279870"	2.82104199140841e-05
"PGEN_.00g207510"	2.85390761290403e-05
"PGEN_.00g252820"	2.90460385024066e-05
"PGEN_.00g272050"	2.94055993781627e-05
"PGEN_.00g182490"	3.03463981990111e-05
"PGEN_.00g122160"	3.10763863150429e-05
"PGEN_.00g070040"	3.25497002295603e-05
"PGEN_.00g051680"	3.31327546038246e-05
"PGEN_.00g065280"	3.31327546038246e-05
"PGEN_.00g306550"	3.38639997575847e-05
"PGEN_.00g193010"	3.54857837686011e-05
"PGEN_.00g208840"	3.54857837686011e-05
"PGEN_.00g259110"	3.54857837686011e-05
"PGEN_.00g061770"	3.59672308119541e-05
"PGEN_.00g051050"	3.65966505979166e-05
"PGEN_.00g212470"	3.65966505979166e-05
"PGEN_.00g174990"	4.11133740790969e-05
"PGEN_.00g159640"	4.20023982134783e-05
"PGEN_.00g234820"	4.22887925013462e-05
"PGEN_.00g101020"	4.26800333550066e-05
"PGEN_.00g024320"	4.36922697143846e-05
"PGEN_.00g075700"	4.36922697143846e-05
"PGEN_.00g099680"	4.62023489132317e-05
"PGEN_.00g181850"	4.63084097905608e-05
"PGEN_.00g310520"	4.68198972543139e-05
"PGEN_.00g248010"	4.71153921690903e-05
"PGEN_.00g219570"	4.929032794997e-05
"PGEN_.00g299380"	5.01811854043619e-05
"PGEN_.00g239820"	5.04247367893781e-05
"PGEN_.00g067240"	5.09459674587625e-05
"PGEN_.00g183540"	5.18463938950605e-05
"PGEN_.00g017680"	5.28275852855953e-05
"PGEN_.00g119540"	5.42163360486714e-05
"PGEN_.00g251680"	5.4470011541758e-05
"PGEN_.00g334800"	5.55096063922492e-05
"PGEN_.00g254010"	5.60705543593309e-05
"PGEN_.00g213520"	5.69623991984213e-05
"PGEN_.00g330150"	5.78318942807612e-05
"PGEN_.00g077070"	5.82211511589329e-05
"PGEN_.00g060550"	5.84389411123995e-05
"PGEN_.00g056590"	5.94297642714707e-05
"PGEN_.00g100690"	6.12336440648464e-05
"PGEN_.00g151730"	6.12336440648464e-05
"PGEN_.00g207530"	6.19166593724204e-05
"PGEN_.00g210020"	6.24092431911938e-05
"PGEN_.00g035760"	6.25415833796371e-05
"PGEN_.00g135120"	6.41179479978713e-05
"PGEN_.00g205840"	6.41179479978713e-05
"PGEN_.00g232120"	6.41179479978713e-05
"PGEN_.00g279500"	6.41179479978713e-05
"PGEN_.00g270610"	6.4361050002549e-05
"PGEN_.00g327190"	6.4361050002549e-05
"PGEN_.00g063680"	6.54277545955274e-05
"PGEN_.00g037860"	6.76689438655511e-05
"PGEN_.00g222480"	6.89966400550437e-05
"PGEN_.00g289090"	6.9999695203134e-05
"PGEN_.00g330000"	7.00984039979675e-05
"PGEN_.00g159230"	7.01581607596935e-05
"PGEN_.00g169760"	7.18757267921675e-05
"PGEN_.00g210000"	7.45346832346055e-05
"PGEN_.00g043860"	7.47185328235551e-05
"PGEN_.00g275820"	7.47185328235551e-05
"PGEN_.00g260930"	7.86001446657854e-05
"PGEN_.00g035540"	7.87940439232554e-05
"PGEN_.00g185410"	7.95238200811693e-05
"PGEN_.00g332320"	8.04119976191521e-05
"PGEN_.00g178040"	8.11044403864299e-05
"PGEN_.00g270570"	8.42177377949613e-05
"PGEN_.00g175420"	8.54123496248037e-05
"PGEN_.00g304170"	8.54123496248037e-05
"PGEN_.00g203340"	8.57479793176633e-05
"PGEN_.00g345060"	8.57479793176633e-05
"PGEN_.00g062510"	9.4559703235022e-05
"PGEN_.00g268980"	0.000100678977593754
"PGEN_.00g326270"	0.000102961718963399
"PGEN_.00g303350"	0.000103232731324081
"PGEN_.00g108490"	0.00010686309429131
"PGEN_.00g262010"	0.00011588488130067
"PGEN_.00g186290"	0.000118694755792296
"PGEN_.00g288770"	0.000120481922978173
"PGEN_.00g241500"	0.000120578624420251
"PGEN_.00g160000"	0.000123232915570089
"PGEN_.00g310170"	0.000123489005901368
"PGEN_.00g123200"	0.00012904176899695
"PGEN_.00g066200"	0.000132304838708539
"PGEN_.00g096230"	0.000133941672470567
"PGEN_.00g163440"	0.000135902658014591
"PGEN_.00g180720"	0.000140207106047187
"PGEN_.00g129350"	0.000140670150204706
"PGEN_.00g241000"	0.000141278773903065
"PGEN_.00g052930"	0.000143172749949678
"PGEN_.00g085990"	0.000145351730241615
"PGEN_.00g144010"	0.000145351730241615
"PGEN_.00g176920"	0.000146296964972848
"PGEN_.00g023060"	0.000146592380820778
"PGEN_.00g148400"	0.000148480775005482
"PGEN_.00g280160"	0.000150721555630347
"PGEN_.00g305220"	0.000156655683479181
"PGEN_.00g347000"	0.000159545776383159
"PGEN_.00g337350"	0.00016285803406145
"PGEN_.00g078630"	0.000162955478437178
"PGEN_.00g019590"	0.000163240345799005
"PGEN_.00g179900"	0.000169821614700497
"PGEN_.00g004600"	0.000174665905227688
"PGEN_.00g005260"	0.000177368605275262
"PGEN_.00g178980"	0.000185581093945449
"PGEN_.00g306720"	0.00018721838715814
"PGEN_.00g197450"	0.000188011682451822
"PGEN_.00g210270"	0.000197524504252787
"PGEN_.00g057390"	0.000197861453694902
"PGEN_.00g210240"	0.000201094125636413
"PGEN_.00g080870"	0.000204824887406086
"PGEN_.00g054730"	0.000209670961847958
"PGEN_.00g107030"	0.000209670961847958
"PGEN_.00g337180"	0.000209670961847958
"PGEN_.00g341620"	0.000220049169045465
"PGEN_.00g243470"	0.000240440080313558
"PGEN_.00g234880"	0.000241520377627775
"PGEN_.00g213430"	0.000244669796321431
"PGEN_.00g102480"	0.000251533032885362
"PGEN_.00g108040"	0.000256623515112448
"PGEN_.00g283380"	0.000261789446262793
"PGEN_.00g038230"	0.000273438110304962
"PGEN_.00g072860"	0.000276691828382577
"PGEN_.00g016320"	0.000281681595897827
"PGEN_.00g310560"	0.000282576033166035
"PGEN_.00g303120"	0.000286335211555848
"PGEN_.00g206060"	0.000287616304526669
"PGEN_.00g123650"	0.000292545503301528
"PGEN_.00g325670"	0.00030260426983778
"PGEN_.00g054840"	0.000310372017907174
"PGEN_.00g142960"	0.000322136334800178
"PGEN_.00g312700"	0.000323243407528014
"PGEN_.00g316730"	0.000326445846941845
"PGEN_.00g064670"	0.000335276040237554
"PGEN_.00g073500"	0.000336719134219927
"PGEN_.00g078180"	0.000340291695655694
"PGEN_.00g041420"	0.000340960758759772
"PGEN_.00g261670"	0.000342439634725842
"PGEN_.00g034350"	0.000348162979184282
"PGEN_.00g196390"	0.000350166349712877
"PGEN_.00g147890"	0.000360037066951815
"PGEN_.00g325940"	0.000360247906792949
"PGEN_.00g325600"	0.000367648026189094
"PGEN_.00g275060"	0.000371721752504661
"PGEN_.00g055240"	0.000377885933586678
"PGEN_.00g001570"	0.000379543106809213
"PGEN_.00g062060"	0.000391006826535073
"PGEN_.00g222990"	0.000392206442998161
"PGEN_.00g233470"	0.000396232217905568
"PGEN_.00g153790"	0.000400995265641719
"PGEN_.00g069660"	0.000404752055792033
"PGEN_.00g247890"	0.00040877899670622
"PGEN_.00g001140"	0.000434193557397305
"PGEN_.00g331900"	0.000434193966183463
"PGEN_.00g284870"	0.000436283838686942
"PGEN_.00g030400"	0.000437442207527355
"PGEN_.00g247650"	0.00045756524573231
"PGEN_.00g017150"	0.000464836522083192
"PGEN_.00g198290"	0.000464836522083192
"PGEN_.00g179130"	0.000472424824905119
"PGEN_.00g288760"	0.000476817608002524
"PGEN_.00g233610"	0.0004929500576224
"PGEN_.00g022890"	0.000500898187785427
"PGEN_.00g166600"	0.000505495180777028
"PGEN_.00g341670"	0.000505495180777028
"PGEN_.00g296380"	0.000513683180586776
"PGEN_.00g175410"	0.000525871165155703
"PGEN_.00g034960"	0.000537079609391365
"PGEN_.00g139430"	0.000540440040395618
"PGEN_.00g011540"	0.000541178741146139
"PGEN_.00g063020"	0.000547581290354205
"PGEN_.00g018080"	0.00055741249190785
"PGEN_.00g229870"	0.00057777662634318
"PGEN_.00g078610"	0.000579140765029525
"PGEN_.00g196820"	0.000592300978331575
"PGEN_.00g332750"	0.000608045772888021
"PGEN_.00g333150"	0.000609752137147518
"PGEN_.00g274070"	0.00061329371526523
"PGEN_.00g163460"	0.000614985211589406
"PGEN_.00g303180"	0.000636066278976477
"PGEN_.00g025100"	0.000659320211686969
"PGEN_.00g286680"	0.000667593160468938
"PGEN_.00g259910"	0.000674299598589586
"PGEN_.00g236210"	0.0006877770119399
"PGEN_.00g250410"	0.000690851982114793
"PGEN_.00g123520"	0.000709016463375881
"PGEN_.00g090920"	0.000715669039321143
"PGEN_.00g023920"	0.000721136413544969
"PGEN_.00g228140"	0.00073314903319168
"PGEN_.00g139850"	0.000738748348916817
"PGEN_.00g164380"	0.000754726960655114
"PGEN_.00g048540"	0.000768731155321053
"PGEN_.00g204780"	0.000807641223002473
"PGEN_.00g287570"	0.00081031090050287
"PGEN_.00g291110"	0.000813064527685048
"PGEN_.00g296400"	0.00083775306604413
"PGEN_.00g017690"	0.000847311807461822
"PGEN_.00g001210"	0.000848594268096208
"PGEN_.00g129410"	0.000851413441729168
"PGEN_.00g258530"	0.000851413441729168
"PGEN_.00g312470"	0.00085608642825549
"PGEN_.00g223090"	0.000873189170621104
"PGEN_.00g075500"	0.000874393387917551
"PGEN_.00g112520"	0.000887682844854222
"PGEN_.00g151020"	0.000887682844854222
"PGEN_.00g337730"	0.000896307859988401
"PGEN_.00g024380"	0.000904262106090486
"PGEN_.00g313420"	0.000930854321288478
"PGEN_.00g036960"	0.000936384291370596
"PGEN_.00g232510"	0.000945502560712184
"PGEN_.00g150040"	0.000957338737603362
"PGEN_.00g221570"	0.000969528931924037
"PGEN_.00g270020"	0.000984166166334832
"PGEN_.00g152680"	0.000993825865799278
"PGEN_.00g015290"	0.00105436758310828
"PGEN_.00g064750"	0.00105550473109118
"PGEN_.00g210310"	0.00105743124963162
"PGEN_.00g006980"	0.00105946038625794
"PGEN_.00g270160"	0.00107551370828343
"PGEN_.00g213480"	0.00108572597306578
"PGEN_.00g043510"	0.00109597280976978
"PGEN_.00g316050"	0.00110391061610272
"PGEN_.00g210030"	0.00112714120635058
"PGEN_.00g228200"	0.00112777995667224
"PGEN_.00g211860"	0.00114109516336217
"PGEN_.00g011310"	0.00114806025666238
"PGEN_.00g232990"	0.00119879237705354
"PGEN_.00g280060"	0.00120107923955663
"PGEN_.00g142670"	0.00120853203609894
"PGEN_.00g189180"	0.00120917991570878
"PGEN_.00g047430"	0.00121696165227039
"PGEN_.00g201560"	0.00122288402018428
"PGEN_.00g228650"	0.00122778207585526
"PGEN_.00g214470"	0.00125659838375365
"PGEN_.00g252550"	0.00126950231756267
"PGEN_.00g126230"	0.00130612959043376
"PGEN_.00g310690"	0.00133790469207384
"PGEN_.00g332640"	0.0013614762969648
"PGEN_.00g288100"	0.00137144142827278
"PGEN_.00g004460"	0.0013724277259478
"PGEN_.00g029240"	0.00138516887865956
"PGEN_.00g240490"	0.00138516887865956
"PGEN_.00g270000"	0.00140328942997449
"PGEN_.00g199580"	0.00140379078348098
"PGEN_.00g344620"	0.00143194241061044
"PGEN_.00g116570"	0.00143383270174351
"PGEN_.00g183880"	0.00145362095416388
"PGEN_.00g029700"	0.00145466967087365
"PGEN_.00g254310"	0.00145539044883478
"PGEN_.00g075060"	0.00145983635246492
"PGEN_.00g127570"	0.00148815595400645
"PGEN_.00g232010"	0.00149124033449016
"PGEN_.00g024790"	0.00150192076552886
"PGEN_.00g312560"	0.00150474777546081
"PGEN_.00g034240"	0.00151800002675283
"PGEN_.00g220380"	0.00151860438364893
"PGEN_.00g097230"	0.00152554823005155
"PGEN_.00g275790"	0.00153831413218179
"PGEN_.00g051980"	0.00158391467717035
"PGEN_.00g065830"	0.00158575748269125
"PGEN_.00g073490"	0.00159408602312045
"PGEN_.00g271680"	0.00159803007432835
"PGEN_.00g212100"	0.0015986126710515
"PGEN_.00g114100"	0.00162010673441211
"PGEN_.00g170240"	0.00163691860084867
"PGEN_.00g277400"	0.00164081357245737
"PGEN_.00g333860"	0.00164081357245737
"PGEN_.00g305240"	0.00164122472593594
"PGEN_.00g303970"	0.00164700088306915
"PGEN_.00g124930"	0.00164956475181678
"PGEN_.00g072850"	0.00164999571384797
"PGEN_.00g010400"	0.00165313302408771
"PGEN_.00g046300"	0.00168660134020551
"PGEN_.00g077650"	0.00169430397599379
"PGEN_.00g004670"	0.00170231775388376
"PGEN_.00g139530"	0.00170231775388376
"PGEN_.00g177130"	0.00172578149988469
"PGEN_.00g110790"	0.00172886909525002
"PGEN_.00g284740"	0.00172886909525002
"PGEN_.00g133730"	0.00174287492304289
"PGEN_.00g285350"	0.0017543494839472
"PGEN_.00g029440"	0.00178076283980567
"PGEN_.00g104730"	0.00179852130522763
"PGEN_.00g234420"	0.00179852130522763
"PGEN_.00g029460"	0.00182775643163546
"PGEN_.00g078360"	0.00185602944101051
"PGEN_.00g266090"	0.00189208150661591
"PGEN_.00g009970"	0.00193685584986054
"PGEN_.00g108510"	0.00193994181029015
"PGEN_.00g323390"	0.00194986320815976
"PGEN_.00g198490"	0.00195290606395129
"PGEN_.00g006120"	0.00198515945663633
"PGEN_.00g039410"	0.00207220286911339
"PGEN_.00g066340"	0.00207220286911339
"PGEN_.00g322680"	0.00207220286911339
"PGEN_.00g328290"	0.00207425514691353
"PGEN_.00g185730"	0.00212671758134652
"PGEN_.00g082320"	0.00214390095040318
"PGEN_.00g149190"	0.00214390095040318
"PGEN_.00g303480"	0.00214390095040318
"PGEN_.00g009130"	0.00217775671213679
"PGEN_.00g163110"	0.00219174013891554
"PGEN_.00g089390"	0.00223805468906434
"PGEN_.00g163180"	0.00224491323548962
"PGEN_.00g186770"	0.00234505514511971
"PGEN_.00g162260"	0.00239737528038408
"PGEN_.00g170010"	0.00240179826072756
"PGEN_.00g012470"	0.00240483893861061
"PGEN_.00g076240"	0.00241701581512956
"PGEN_.00g265900"	0.00243968807988077
"PGEN_.00g229990"	0.00247012799389309
"PGEN_.00g103680"	0.00248091527647851
"PGEN_.00g241260"	0.00248091527647851
"PGEN_.00g321860"	0.00249322292032778
"PGEN_.00g325480"	0.00249504162574228
"PGEN_.00g337830"	0.00249504162574228
"PGEN_.00g240470"	0.00250009975185601
"PGEN_.00g310530"	0.0025135348075348
"PGEN_.00g123580"	0.00251865789130524
"PGEN_.00g013150"	0.00254400594863869
"PGEN_.00g108800"	0.00260730486849142
"PGEN_.00g045780"	0.00264281168985136
"PGEN_.00g310700"	0.00265601329187252
"PGEN_.00g122140"	0.00269293574895501
"PGEN_.00g137890"	0.00270915612667058
"PGEN_.00g245920"	0.00272832904894314
"PGEN_.00g113850"	0.00273663668277359
"PGEN_.00g190220"	0.00273676231616
"PGEN_.00g317380"	0.00276045929087716
"PGEN_.00g100210"	0.0028753726139771
"PGEN_.00g200690"	0.00288581648347042
"PGEN_.00g196320"	0.00294638790665066
"PGEN_.00g105220"	0.00294765169968482
"PGEN_.00g150430"	0.00297331081158807
"PGEN_.00g065610"	0.002977431815361
"PGEN_.00g142480"	0.0029812689274964
"PGEN_.00g211830"	0.00298653749416712
"PGEN_.00g008080"	0.00301229893613815
"PGEN_.00g046570"	0.00302388244123987
"PGEN_.00g185200"	0.00302388244123987
"PGEN_.00g099610"	0.00307524617117432
"PGEN_.00g118280"	0.00307524617117432
"PGEN_.00g294730"	0.00307524617117432
"PGEN_.00g040670"	0.00311201547400504
"PGEN_.00g221600"	0.00311201547400504
"PGEN_.00g126370"	0.00313905357096175
"PGEN_.00g187610"	0.00313905357096175
"PGEN_.00g146970"	0.00318747985101334
"PGEN_.00g258860"	0.00318747985101334
"PGEN_.00g006160"	0.00320462131782915
"PGEN_.00g209410"	0.00320762693715089
"PGEN_.00g311650"	0.00325517184920411
"PGEN_.00g003520"	0.00327403524449982
"PGEN_.00g067830"	0.00329070643914586
"PGEN_.00g162370"	0.00329070643914586
"PGEN_.00g050170"	0.00341193574831867
"PGEN_.00g327330"	0.0034186421403008
"PGEN_.00g017330"	0.00344188696900316
"PGEN_.00g102310"	0.00344188696900316
"PGEN_.00g034040"	0.00347553228753688
"PGEN_.00g072250"	0.00348695882207353
"PGEN_.00g207540"	0.00352946987819336
"PGEN_.00g009290"	0.00356555911361461
"PGEN_.00g337030"	0.00356555911361461
"PGEN_.00g158000"	0.00361066581977415
"PGEN_.00g010930"	0.00363819551072398
"PGEN_.00g252050"	0.0036548105075188
"PGEN_.00g194750"	0.00366153132766341
"PGEN_.00g103430"	0.00376895462020393
"PGEN_.00g213130"	0.00385941225621887
"PGEN_.00g084620"	0.00393400113509975
"PGEN_.00g089750"	0.00401625916217126
"PGEN_.00g177110"	0.00401837400587576
"PGEN_.00g114280"	0.00408791752435601
"PGEN_.00g088230"	0.00411801721391663
"PGEN_.00g313550"	0.0041432392002039
"PGEN_.00g071220"	0.00415470548786101
"PGEN_.00g261140"	0.004172581912488
"PGEN_.00g310760"	0.00419591417792321
"PGEN_.00g336930"	0.00419591417792321
"PGEN_.00g018310"	0.00425183596767076
"PGEN_.00g234810"	0.00425183596767076
"PGEN_.00g165700"	0.00427971479401529
"PGEN_.00g141080"	0.00429116951437944
"PGEN_.00g266590"	0.00429285735946536
"PGEN_.00g266080"	0.00436291323535289
"PGEN_.00g214940"	0.00437184680595969
"PGEN_.00g229450"	0.00440574031812995
"PGEN_.00g200080"	0.0044279971677942
"PGEN_.00g285690"	0.0044279971677942
"PGEN_.00g332130"	0.0044279971677942
"PGEN_.00g082240"	0.00451366251038838
"PGEN_.00g188100"	0.00454609723173339
"PGEN_.00g202150"	0.00458505112800134
"PGEN_.00g192200"	0.00459951754100277
"PGEN_.00g234360"	0.00459951754100277
"PGEN_.00g274370"	0.00459951754100277
"PGEN_.00g132290"	0.0046264571784423
"PGEN_.00g161120"	0.00463115786432649
"PGEN_.00g023480"	0.00467766694347866
"PGEN_.00g203210"	0.00468915908276667
"PGEN_.00g013900"	0.0047019107511183
"PGEN_.00g282290"	0.00471547174701881
"PGEN_.00g191430"	0.00476576729224552
"PGEN_.00g028850"	0.00477347200954945
"PGEN_.00g163580"	0.00480288421943588
"PGEN_.00g074750"	0.00481450971477687
"PGEN_.00g144270"	0.00487492037230281
"PGEN_.00g296790"	0.00491484680252299
"PGEN_.00g340710"	0.0049348063314849
"PGEN_.00g001960"	0.00493960696454359
"PGEN_.00g191680"	0.00493960696454359
"PGEN_.00g333540"	0.00493960696454359
"PGEN_.00g260920"	0.00494209797974508
"PGEN_.00g290100"	0.00495488605507554
"PGEN_.00g110260"	0.00498003684699226
"PGEN_.00g032210"	0.00498048073771658
"PGEN_.00g169710"	0.00500709581981073
"PGEN_.00g155110"	0.00501254548298612
"PGEN_.00g024510"	0.00501616202149627
"PGEN_.00g102080"	0.00501616202149627
"PGEN_.00g254610"	0.00503103564690451
"PGEN_.00g073700"	0.00504643064265526
"PGEN_.00g129800"	0.00504643064265526
"PGEN_.00g089070"	0.00505733439250003
"PGEN_.00g010490"	0.00508420420461255
"PGEN_.00g221450"	0.00508420420461255
"PGEN_.00g067070"	0.00509624761626081
"PGEN_.00g322890"	0.00509813263786205
"PGEN_.00g073180"	0.00511778979325496
"PGEN_.00g096980"	0.00511778979325496
"PGEN_.00g282540"	0.0051969913708693
"PGEN_.00g185910"	0.00521224006561108
"PGEN_.00g346830"	0.00523094112175005
"PGEN_.00g021750"	0.00523468383451473
"PGEN_.00g059520"	0.00523468383451473
"PGEN_.00g069550"	0.00523468383451473
"PGEN_.00g145480"	0.00523468383451473
"PGEN_.00g346080"	0.00530131365455437
"PGEN_.00g019530"	0.0053030155052786
"PGEN_.00g073940"	0.00532339593046996
"PGEN_.00g232730"	0.00537959816681116
"PGEN_.00g329570"	0.00537959816681116
"PGEN_.00g111490"	0.00540535126499831
"PGEN_.00g179000"	0.00540535126499831
"PGEN_.00g186830"	0.00540904361654022
"PGEN_.00g187350"	0.00555150386961456
"PGEN_.00g131130"	0.00556266898770701
"PGEN_.00g172450"	0.00561762434617141
"PGEN_.00g197380"	0.00566372743185178
"PGEN_.00g215020"	0.00569138614127775
"PGEN_.00g266920"	0.00569138614127775
"PGEN_.00g067680"	0.0056914547901146
"PGEN_.00g205500"	0.0056914547901146
"PGEN_.00g133410"	0.00571479846545118
"PGEN_.00g283500"	0.00571866277877926
"PGEN_.00g304920"	0.00576439157107399
"PGEN_.00g282270"	0.00576669610706583
"PGEN_.00g058670"	0.00587403125171008
"PGEN_.00g319520"	0.00587403125171008
"PGEN_.00g140480"	0.00593027984117392
"PGEN_.00g090080"	0.00600429859545884
"PGEN_.00g288380"	0.00600429859545884
"PGEN_.00g167410"	0.00608591077152272
"PGEN_.00g220930"	0.00608591077152272
"PGEN_.00g331190"	0.00608591077152272
"PGEN_.00g143830"	0.00611307613978244
"PGEN_.00g043930"	0.00615596333638407
"PGEN_.00g343550"	0.00617178174873491
"PGEN_.00g240870"	0.00641041437209527
"PGEN_.00g124130"	0.00642185095011276
"PGEN_.00g166170"	0.00642185095011276
"PGEN_.00g164170"	0.00642724015807538
"PGEN_.00g344450"	0.00642724015807538
"PGEN_.00g007800"	0.00650976285300451
"PGEN_.00g021320"	0.00650976285300451
"PGEN_.00g240250"	0.00650976285300451
"PGEN_.00g248460"	0.00650976285300451
"PGEN_.00g339370"	0.00650976285300451
"PGEN_.00g020180"	0.00653955968923837
"PGEN_.00g214480"	0.0065668768210003
"PGEN_.00g025760"	0.00660135960594823
"PGEN_.00g184800"	0.00660189908116991
"PGEN_.00g323220"	0.00660189908116991
"PGEN_.00g263540"	0.00662414381494936
"PGEN_.00g154060"	0.00665274001338221
"PGEN_.00g141980"	0.0066861949582509
"PGEN_.00g060340"	0.00670800111510959
"PGEN_.00g078310"	0.00677752411758388
"PGEN_.00g243570"	0.00692492487956478
"PGEN_.00g343280"	0.00698217699625116
"PGEN_.00g064050"	0.00701584370749123
"PGEN_.00g334010"	0.00715872963694356
"PGEN_.00g031730"	0.00724927972096933
"PGEN_.00g305400"	0.00724927972096933
"PGEN_.00g104460"	0.00734187573040842
"PGEN_.00g345530"	0.00734187573040842
"PGEN_.00g306160"	0.00737869199738131
"PGEN_.00g335230"	0.00737869199738131
"PGEN_.00g174900"	0.00751286615581799
"PGEN_.00g312440"	0.00755164391186482
"PGEN_.00g000280"	0.00756635905466832
"PGEN_.00g281370"	0.00757650292978195
"PGEN_.00g169720"	0.00758500111981911
"PGEN_.00g322180"	0.00758500111981911
"PGEN_.00g149600"	0.00760148277253181
"PGEN_.00g343370"	0.00765199514488391
"PGEN_.00g036870"	0.00767163844235911
"PGEN_.00g072260"	0.00767252090629021
"PGEN_.00g301880"	0.00775112022328963
"PGEN_.00g322160"	0.00804374441301353
"PGEN_.00g291470"	0.00806018695719323
"PGEN_.00g213200"	0.00806212546485104
"PGEN_.00g255570"	0.00826598284744896
"PGEN_.00g276480"	0.00826598284744896
"PGEN_.00g109230"	0.0083035964895565
"PGEN_.00g024810"	0.00832292680226095
"PGEN_.00g059470"	0.00834721026513931
"PGEN_.00g053860"	0.00851316777093629
"PGEN_.00g245170"	0.00854727831233679
"PGEN_.00g004830"	0.00860625266227681
"PGEN_.00g053400"	0.008716136839867
"PGEN_.00g122230"	0.00872412570182088
"PGEN_.00g217080"	0.00872412570182088
"PGEN_.00g207050"	0.00886142456287855
"PGEN_.00g010970"	0.00892808096549907
"PGEN_.00g340030"	0.00892808096549907
"PGEN_.00g281410"	0.00894439109381249
"PGEN_.00g081200"	0.00900307140515782
"PGEN_.00g155460"	0.00906078792387408
"PGEN_.00g184610"	0.0091048553800119
"PGEN_.00g282700"	0.00912300841662589
"PGEN_.00g170810"	0.00915438817006673
"PGEN_.00g134440"	0.00915769694515073
"PGEN_.00g067860"	0.00923811077352171
"PGEN_.00g331860"	0.00923811077352171
"PGEN_.00g183770"	0.00924243050848552
"PGEN_.00g150580"	0.00925596557293103
"PGEN_.00g291400"	0.00929635493601066
"PGEN_.00g251300"	0.00950222408547031
"PGEN_.00g237660"	0.00955272955213947
"PGEN_.00g146310"	0.00957290688924733
"PGEN_.00g252880"	0.0097034109922073
"PGEN_.00g114020"	0.00970355698796254
"PGEN_.00g296800"	0.00971677133803648
"PGEN_.00g019750"	0.0097547991310987
"PGEN_.00g206050"	0.00976593046327914
"PGEN_.00g166220"	0.00981796104151174
"PGEN_.00g291460"	0.00986932671648258
"PGEN_.00g232500"	0.00987898569424514
"PGEN_.00g234380"	0.00988668067784765
"PGEN_.00g287980"	0.00988668067784765
"PGEN_.00g154600"	0.00997317332329086
"PGEN_.00g291040"	0.0101009393190139
"PGEN_.00g281480"	0.0101917444965976
"PGEN_.00g125310"	0.0103902196401872
"PGEN_.00g087310"	0.0104354382588926
"PGEN_.00g070630"	0.0105710009237872
"PGEN_.00g001170"	0.0105803992721356
"PGEN_.00g264880"	0.0105803992721356
"PGEN_.00g303220"	0.0105863899607125
"PGEN_.00g104420"	0.0107053575466277
"PGEN_.00g116000"	0.0107053575466277
"PGEN_.00g134400"	0.0107053575466277
"PGEN_.00g172310"	0.0107456214444182
"PGEN_.00g105400"	0.010773743648868
"PGEN_.00g258640"	0.0107863128935382
"PGEN_.00g283030"	0.0107863128935382
"PGEN_.00g329090"	0.0107997058735327
"PGEN_.00g269450"	0.0109379463557108
"PGEN_.00g011990"	0.0109715671271235
"PGEN_.00g016850"	0.0109715671271235
"PGEN_.00g015010"	0.0109734019697411
"PGEN_.00g029370"	0.0109889403940831
"PGEN_.00g138260"	0.0109970290895783
"PGEN_.00g268850"	0.0110126059549492
"PGEN_.00g345620"	0.011024232915395
"PGEN_.00g156780"	0.0111247958908987
"PGEN_.00g026840"	0.011142860610983
"PGEN_.00g279860"	0.0115231121513499
"PGEN_.00g097440"	0.0115956655907472
"PGEN_.00g309640"	0.0115956655907472
"PGEN_.00g290470"	0.0115997419875274
"PGEN_.00g216290"	0.0116211393913051
"PGEN_.00g237520"	0.0116211393913051
"PGEN_.00g161100"	0.0117414336558623
"PGEN_.00g252900"	0.0117414336558623
"PGEN_.00g250560"	0.0118742873886016
"PGEN_.00g208680"	0.0118812498347795
"PGEN_.00g022420"	0.0118956499518356
"PGEN_.00g044020"	0.0121022333538897
"PGEN_.00g197510"	0.0121022333538897
"PGEN_.00g131630"	0.012140267745851
"PGEN_.00g137910"	0.0121433068832188
"PGEN_.00g289060"	0.0121473585427963
"PGEN_.00g108940"	0.0121679624590368
"PGEN_.00g131390"	0.0121679624590368
"PGEN_.00g253170"	0.0121679624590368
"PGEN_.00g264440"	0.0121690737133219
"PGEN_.00g010440"	0.0121805233753179
"PGEN_.00g164890"	0.0123361707381068
"PGEN_.00g111150"	0.0123704401064536
"PGEN_.00g084600"	0.0124540514908405
"PGEN_.00g206440"	0.0124612410906153
"PGEN_.00g063780"	0.0126078431604795
"PGEN_.00g257000"	0.0126188118486088
"PGEN_.00g040300"	0.0126611382099885
"PGEN_.00g118930"	0.0128670798612386
"PGEN_.00g331250"	0.0128670798612386
"PGEN_.00g290410"	0.0128870093966177
"PGEN_.00g278450"	0.0128999736212396
"PGEN_.00g062900"	0.0129700641358931
"PGEN_.00g102280"	0.0129971603932073
"PGEN_.00g258480"	0.013035422737309
"PGEN_.00g238800"	0.0131142384357454
"PGEN_.00g114260"	0.013177937566142
"PGEN_.00g200910"	0.0133719369857474
"PGEN_.00g213360"	0.013402559375916
"PGEN_.00g325420"	0.013402559375916
"PGEN_.00g009610"	0.0135598670216344
"PGEN_.00g101920"	0.0137053613268576
"PGEN_.00g240840"	0.0137458167009055
"PGEN_.00g207860"	0.0137743750561074
"PGEN_.00g004730"	0.0138078753702891
"PGEN_.00g196380"	0.0138495135434602
"PGEN_.00g220860"	0.0138495135434602
"PGEN_.00g033300"	0.0142437684501582
"PGEN_.00g237880"	0.0142437684501582
"PGEN_.00g021190"	0.0142970539426182
"PGEN_.00g281950"	0.0142970539426182
"PGEN_.00g293310"	0.0143429315342854
"PGEN_.00g065330"	0.0143849863554862
"PGEN_.00g086920"	0.0144519290536945
"PGEN_.00g259090"	0.014568960065082
"PGEN_.00g184970"	0.014827774725264
"PGEN_.00g204400"	0.0150918434071695
"PGEN_.00g203870"	0.0151119398273381
"PGEN_.00g090850"	0.0152872974058232
"PGEN_.00g276560"	0.0153192775545163
"PGEN_.00g294680"	0.0153854162361105
"PGEN_.00g164900"	0.0155839228494097
"PGEN_.00g143280"	0.0156294113284256
"PGEN_.00g169580"	0.0156915903586225
"PGEN_.00g003510"	0.0157830421700942
"PGEN_.00g013740"	0.0157830421700942
"PGEN_.00g088730"	0.0157830421700942
"PGEN_.00g122200"	0.0157830421700942
"PGEN_.00g316210"	0.0157830421700942
"PGEN_.00g098680"	0.015803801587587
"PGEN_.00g249460"	0.0158136868472288
"PGEN_.00g199310"	0.0158818315297962
"PGEN_.00g027760"	0.0159575575265258
"PGEN_.00g209710"	0.0160070021229726
"PGEN_.00g288520"	0.0161659301773615
"PGEN_.00g220140"	0.0163615121213297
"PGEN_.00g266640"	0.0164659094000219
"PGEN_.00g287220"	0.0166875825019754
"PGEN_.00g270640"	0.0167404001180037
"PGEN_.00g012570"	0.0167471913401758
"PGEN_.00g142060"	0.0167728713026381
"PGEN_.00g015190"	0.0168512137205149
"PGEN_.00g080030"	0.0168512137205149
"PGEN_.00g229320"	0.0169321725074119
"PGEN_.00g124010"	0.0171629614603482
"PGEN_.00g163480"	0.0172642021602653
"PGEN_.00g188770"	0.0172642021602653
"PGEN_.00g203940"	0.0173430870772133
"PGEN_.00g292910"	0.0174882865103586
"PGEN_.00g144590"	0.017509385562031
"PGEN_.00g304250"	0.017509385562031
"PGEN_.00g032670"	0.0176975692892726
"PGEN_.00g190480"	0.0176975692892726
"PGEN_.00g320670"	0.0176975692892726
"PGEN_.00g019010"	0.0177052976597404
"PGEN_.00g204020"	0.0177311747809665
"PGEN_.00g162340"	0.0177388337995832
"PGEN_.00g167050"	0.0177870243510396
"PGEN_.00g143900"	0.0184885775277529
"PGEN_.00g260980"	0.0187093248084284
"PGEN_.00g026990"	0.0187150791313117
"PGEN_.00g220560"	0.0188704756927024
"PGEN_.00g051640"	0.0190375784766863
"PGEN_.00g010610"	0.0190720591675936
"PGEN_.00g256300"	0.0190810916366995
"PGEN_.00g256920"	0.0192110534466545
"PGEN_.00g223280"	0.019293980008198
"PGEN_.00g131950"	0.0194054460145435
"PGEN_.00g085250"	0.0194512897482529
"PGEN_.00g341540"	0.0194645502647231
"PGEN_.00g306570"	0.0195249841419078
"PGEN_.00g114670"	0.019551309374528
"PGEN_.00g202890"	0.0196040222109377
"PGEN_.00g294060"	0.0196706675461314
"PGEN_.00g343270"	0.0196706675461314
"PGEN_.00g335510"	0.0198508721565194
"PGEN_.00g079730"	0.0198898921565678
"PGEN_.00g180280"	0.0199418154014222
"PGEN_.00g150980"	0.0201453214542523
"PGEN_.00g117930"	0.0202180209342654
"PGEN_.00g264510"	0.0202417152388732
"PGEN_.00g130840"	0.0202880038902309
"PGEN_.00g181650"	0.0203097008852227
"PGEN_.00g301440"	0.0203097008852227
"PGEN_.00g267530"	0.0203763871479527
"PGEN_.00g227450"	0.0203768414072884
"PGEN_.00g130200"	0.0204128751243749
"PGEN_.00g180330"	0.0204370331674079
"PGEN_.00g316180"	0.0204547093137921
"PGEN_.00g254500"	0.0205172900757074
"PGEN_.00g250220"	0.0205227427343947
"PGEN_.00g047370"	0.0205688131055487
"PGEN_.00g277570"	0.0205688131055487
"PGEN_.00g100120"	0.0205886841623471
"PGEN_.00g085160"	0.0205991623365792
"PGEN_.00g293300"	0.0208999438100561
"PGEN_.00g136080"	0.0210108466094753
"PGEN_.00g348140"	0.0211722944531325
"PGEN_.00g029490"	0.0211953304564852
"PGEN_.00g048200"	0.0212089068904458
"PGEN_.00g047810"	0.0215829151941581
"PGEN_.00g179010"	0.0216200900739689
"PGEN_.00g339050"	0.0217199745004831
"PGEN_.00g048990"	0.0220596039108808
"PGEN_.00g047870"	0.0221499459494709
"PGEN_.00g284530"	0.0221869346751273
"PGEN_.00g202810"	0.0221886303056142
"PGEN_.00g310720"	0.0221903398945358
"PGEN_.00g103540"	0.0222329085098959
"PGEN_.00g306490"	0.0223956752478639
"PGEN_.00g135910"	0.0224526622978944
"PGEN_.00g172350"	0.0227277821138499
"PGEN_.00g059620"	0.0227484708160178
"PGEN_.00g019720"	0.0227569100656747
"PGEN_.00g008540"	0.0227742710189179
"PGEN_.00g314880"	0.0228495673713596
"PGEN_.00g085920"	0.0228964623785091
"PGEN_.00g178010"	0.0229955989175547
"PGEN_.00g014030"	0.0232400574392344
"PGEN_.00g235940"	0.0232400574392344
"PGEN_.00g255960"	0.0232400574392344
"PGEN_.00g338570"	0.0232400574392344
"PGEN_.00g002820"	0.0233326452494087
"PGEN_.00g115600"	0.0234139890630281
"PGEN_.00g287550"	0.0234291419545904
"PGEN_.00g280190"	0.0234833408700217
"PGEN_.00g022820"	0.0234936815784206
"PGEN_.00g079460"	0.0234936815784206
"PGEN_.00g229340"	0.0234936815784206
"PGEN_.00g210200"	0.0236163648620971
"PGEN_.00g254520"	0.0237325541546926
"PGEN_.00g280890"	0.0239038782094696
"PGEN_.00g252730"	0.0240254187916064
"PGEN_.00g068710"	0.0241326574379283
"PGEN_.00g088170"	0.0242689836421531
"PGEN_.00g237340"	0.0242689836421531
"PGEN_.00g207900"	0.0247276740631065
"PGEN_.00g104990"	0.0248369892690595
"PGEN_.00g014000"	0.024985791620129
"PGEN_.00g109910"	0.024985791620129
"PGEN_.00g309920"	0.024985791620129
"PGEN_.00g222110"	0.0250773542572923
"PGEN_.00g133000"	0.0251147312779643
"PGEN_.00g135420"	0.0251147312779643
"PGEN_.00g192440"	0.0251366483520155
"PGEN_.00g047550"	0.0251544292298682
"PGEN_.00g266500"	0.0251544292298682
"PGEN_.00g324310"	0.0251638246185792
"PGEN_.00g336040"	0.0252589343063598
"PGEN_.00g218470"	0.0254000317172343
"PGEN_.00g212370"	0.0254429821039984
"PGEN_.00g030990"	0.025540238490982
"PGEN_.00g289750"	0.0256308851369217
"PGEN_.00g132660"	0.0257260539700795
"PGEN_.00g347770"	0.0259394727348006
"PGEN_.00g068240"	0.0260310553820584
"PGEN_.00g248840"	0.0260410238307563
"PGEN_.00g328690"	0.026043310191379
"PGEN_.00g064840"	0.02617074105378
"PGEN_.00g245940"	0.0263916575136289
"PGEN_.00g077940"	0.0266013403031208
"PGEN_.00g001870"	0.0266290311464602
"PGEN_.00g326830"	0.0266290311464602
"PGEN_.00g058830"	0.0268107903383396
"PGEN_.00g095720"	0.0270013992505823
"PGEN_.00g150350"	0.0270218072254672
"PGEN_.00g296430"	0.0270837029613175
"PGEN_.00g057410"	0.0270891993147637
"PGEN_.00g155160"	0.0271600138113562
"PGEN_.00g017320"	0.027290389182117
"PGEN_.00g065430"	0.027290389182117
"PGEN_.00g296760"	0.027290389182117
"PGEN_.00g309470"	0.027290389182117
"PGEN_.00g161760"	0.0275037280410658
"PGEN_.00g185860"	0.0276348882654301
"PGEN_.00g344020"	0.0276539648818002
"PGEN_.00g052100"	0.0276702061627932
"PGEN_.00g096180"	0.0276702061627932
"PGEN_.00g075620"	0.0277200829510784
"PGEN_.00g080210"	0.027830051397859
"PGEN_.00g099920"	0.0283020756388307
"PGEN_.00g285950"	0.0285598712436938
"PGEN_.00g004250"	0.0286726894313157
"PGEN_.00g271150"	0.0286726894313157
"PGEN_.00g273820"	0.028690788791718
"PGEN_.00g028230"	0.0288318216977825
"PGEN_.00g077420"	0.0288318216977825
"PGEN_.00g273900"	0.0292145317945086
"PGEN_.00g115930"	0.0292152304317416
"PGEN_.00g190390"	0.0292152304317416
"PGEN_.00g241080"	0.0292205689324285
"PGEN_.00g140520"	0.0292715678513652
"PGEN_.00g328310"	0.0293756392101225
"PGEN_.00g338710"	0.0293756392101225
"PGEN_.00g211640"	0.0294481830568513
"PGEN_.00g006410"	0.0296476457372322
"PGEN_.00g270670"	0.0297707224100823
"PGEN_.00g001430"	0.0300943717254717
"PGEN_.00g277280"	0.0300943717254717
"PGEN_.00g113820"	0.0302665566814522
"PGEN_.00g309800"	0.030292685510722
"PGEN_.00g308090"	0.0304031839488773
"PGEN_.00g142490"	0.030563241137947
"PGEN_.00g033920"	0.0305962795819373
"PGEN_.00g223380"	0.0305962795819373
"PGEN_.00g275090"	0.0305962795819373
"PGEN_.00g310390"	0.0310028700702693
"PGEN_.00g049760"	0.0311676105633931
"PGEN_.00g180660"	0.0311815673358643
"PGEN_.00g199100"	0.0312044163847259
"PGEN_.00g295060"	0.0313202246972422
"PGEN_.00g263460"	0.0315806787694687
"PGEN_.00g018000"	0.0317844610102325
"PGEN_.00g037810"	0.0317844610102325
"PGEN_.00g145380"	0.0317844610102325
"PGEN_.00g061400"	0.0318817537627073
"PGEN_.00g155500"	0.0319277992342698
"PGEN_.00g141850"	0.0319782315707819
"PGEN_.00g004360"	0.0320649363322838
"PGEN_.00g174580"	0.0322548320838689
"PGEN_.00g132650"	0.0322909348412478
"PGEN_.00g045560"	0.0323049559789049
"PGEN_.00g004840"	0.0323669642199814
"PGEN_.00g345320"	0.0323876494098844
"PGEN_.00g008720"	0.0324512465436505
"PGEN_.00g113470"	0.0324512465436505
"PGEN_.00g135810"	0.0324512465436505
"PGEN_.00g236110"	0.0324512465436505
"PGEN_.00g267840"	0.0324512465436505
"PGEN_.00g289110"	0.0324857743000572
"PGEN_.00g188270"	0.0327804722734044
"PGEN_.00g207280"	0.0328251452070434
"PGEN_.00g212280"	0.0328251452070434
"PGEN_.00g044590"	0.032837001746699
"PGEN_.00g167600"	0.0329723394846916
"PGEN_.00g050570"	0.0329940484251636
"PGEN_.00g030890"	0.0330379726284005
"PGEN_.00g097350"	0.0330379726284005
"PGEN_.00g030660"	0.0331878332276246
"PGEN_.00g285760"	0.0332382090096573
"PGEN_.00g017070"	0.0332767830047335
"PGEN_.00g096940"	0.0332767830047335
"PGEN_.00g262050"	0.0337046185459862
"PGEN_.00g058250"	0.0338476313697837
"PGEN_.00g343350"	0.0340280597434275
"PGEN_.00g171780"	0.0340367838575723
"PGEN_.00g227960"	0.034105841719883
"PGEN_.00g287450"	0.034105841719883
"PGEN_.00g207620"	0.0342757789446866
"PGEN_.00g059640"	0.0343959327953319
"PGEN_.00g060160"	0.0343959327953319
"PGEN_.00g188730"	0.0343959327953319
"PGEN_.00g235000"	0.0343959327953319
"PGEN_.00g147080"	0.0344143795188775
"PGEN_.00g007540"	0.0345582416839816
"PGEN_.00g083640"	0.0346797008260026
"PGEN_.00g005380"	0.0348290251612439
"PGEN_.00g305540"	0.0349591952821127
"PGEN_.00g114060"	0.0351121245102748
"PGEN_.00g119520"	0.0351165759403185
"PGEN_.00g205650"	0.0351165759403185
"PGEN_.00g146090"	0.0351972263000712
"PGEN_.00g178280"	0.0352103251783623
"PGEN_.00g277430"	0.0352103251783623
"PGEN_.00g312400"	0.035615962290147
"PGEN_.00g290520"	0.0356650181816833
"PGEN_.00g069870"	0.0359091976835736
"PGEN_.00g132700"	0.0359227364879491
"PGEN_.00g184810"	0.0359600810040183
"PGEN_.00g243120"	0.0359600810040183
"PGEN_.00g180390"	0.0360508565484075
"PGEN_.00g090120"	0.0361331443994707
"PGEN_.00g334700"	0.0362165112586855
"PGEN_.00g178130"	0.0363016980882408
"PGEN_.00g227350"	0.0363016980882408
"PGEN_.00g119390"	0.0364590889042517
"PGEN_.00g282060"	0.0364768611342276
"PGEN_.00g339560"	0.036825015193013
"PGEN_.00g252770"	0.0369259856606066
"PGEN_.00g033560"	0.0371111432657221
"PGEN_.00g025600"	0.0373727900838058
"PGEN_.00g082860"	0.0375497390033437
"PGEN_.00g249990"	0.0378659031657142
"PGEN_.00g050690"	0.0382079893839078
"PGEN_.00g017410"	0.0382377885702711
"PGEN_.00g122110"	0.0382979411794585
"PGEN_.00g101610"	0.0384680837392173
"PGEN_.00g134790"	0.0384680837392173
"PGEN_.00g123720"	0.0385683626966283
"PGEN_.00g227520"	0.0386060368858011
"PGEN_.00g120690"	0.038685501144849
"PGEN_.00g166980"	0.038685501144849
"PGEN_.00g289900"	0.038685501144849
"PGEN_.00g148840"	0.0387693119170541
"PGEN_.00g252670"	0.0387693119170541
"PGEN_.00g094980"	0.0392069616889214
"PGEN_.00g121190"	0.0394504140302097
"PGEN_.00g084890"	0.039507708260348
"PGEN_.00g308500"	0.0396262290800826
"PGEN_.00g084740"	0.0396393712574053
"PGEN_.00g166540"	0.0396393712574053
"PGEN_.00g215730"	0.0396393712574053
"PGEN_.00g241590"	0.0398476139816979
"PGEN_.00g320660"	0.0398476139816979
"PGEN_.00g124860"	0.0399583666478552
"PGEN_.00g046580"	0.0402807042333231
"PGEN_.00g273980"	0.0404362932173732
"PGEN_.00g097190"	0.0404754207594121
"PGEN_.00g166830"	0.0404754207594121
"PGEN_.00g083310"	0.0407173347027112
"PGEN_.00g313670"	0.0407173347027112
"PGEN_.00g287890"	0.0407193062195194
"PGEN_.00g242750"	0.0412287115569703
"PGEN_.00g040580"	0.0413140062645661
"PGEN_.00g053950"	0.0413241541263184
"PGEN_.00g186580"	0.0413241541263184
"PGEN_.00g157660"	0.0413641824712804
"PGEN_.00g306690"	0.0413641824712804
"PGEN_.00g313830"	0.0413641824712804
"PGEN_.00g212950"	0.0415147328935053
"PGEN_.00g229470"	0.0415147328935053
"PGEN_.00g098500"	0.041633235351731
"PGEN_.00g105850"	0.0416996614052054
"PGEN_.00g156630"	0.0416996614052054
"PGEN_.00g249830"	0.0416996614052054
"PGEN_.00g228050"	0.0417260543884566
"PGEN_.00g320480"	0.0417470580738879
"PGEN_.00g058640"	0.0417802838440787
"PGEN_.00g122930"	0.0418135933432646
"PGEN_.00g008040"	0.0420966365366982
"PGEN_.00g003340"	0.042120421539558
"PGEN_.00g085310"	0.0421302410410298
"PGEN_.00g303780"	0.0421609681391582
"PGEN_.00g104930"	0.0421753031646171
"PGEN_.00g143200"	0.0422048299856006
"PGEN_.00g193370"	0.0422225859823475
"PGEN_.00g186920"	0.0434341883512472
"PGEN_.00g220940"	0.0434341883512472
"PGEN_.00g304350"	0.0434341883512472
"PGEN_.00g344190"	0.0434341883512472
"PGEN_.00g304260"	0.0436234761167819
"PGEN_.00g336640"	0.0442058351674025
"PGEN_.00g240930"	0.0442721914958131
"PGEN_.00g334890"	0.0444940859440342
"PGEN_.00g028220"	0.0444972480094749
"PGEN_.00g269530"	0.0445440942860035
"PGEN_.00g252390"	0.0445655644457091
"PGEN_.00g227220"	0.0445919641228231
"PGEN_.00g015800"	0.0449118287036669
"PGEN_.00g253040"	0.0449118287036669
"PGEN_.00g010650"	0.0454249892000883
"PGEN_.00g020340"	0.0454249892000883
"PGEN_.00g255880"	0.0454249892000883
"PGEN_.00g167150"	0.0456474844912255
"PGEN_.00g236680"	0.0457569345625108
"PGEN_.00g062740"	0.0457703223963797
"PGEN_.00g291150"	0.0458093798495015
"PGEN_.00g126730"	0.0459936510833868
"PGEN_.00g300110"	0.0459936510833868
"PGEN_.00g212560"	0.0461108752441688
"PGEN_.00g321930"	0.0461108752441688
"PGEN_.00g323620"	0.0461108752441688
"PGEN_.00g161320"	0.0463848420464905
"PGEN_.00g228710"	0.0464015262351869
"PGEN_.00g164300"	0.0466177032159711
"PGEN_.00g222210"	0.0466177032159711
"PGEN_.00g051040"	0.046654616299678
"PGEN_.00g074730"	0.046654616299678
"PGEN_.00g278580"	0.046654616299678
"PGEN_.00g269500"	0.0467969236970729
"PGEN_.00g002750"	0.0468129122916425
"PGEN_.00g203390"	0.0469243065310308
"PGEN_.00g241510"	0.0470952549374742
"PGEN_.00g290860"	0.0471140586037506
"PGEN_.00g176660"	0.0471763497842108
"PGEN_.00g190230"	0.0472588469505626
"PGEN_.00g262850"	0.0472588469505626
"PGEN_.00g017190"	0.0472863239470789
"PGEN_.00g275210"	0.047569570041956
"PGEN_.00g152200"	0.0476077081583768
"PGEN_.00g231640"	0.0476077081583768
"PGEN_.00g257970"	0.0476077081583768
"PGEN_.00g064090"	0.0477307447042611
"PGEN_.00g334530"	0.047743254540634
"PGEN_.00g215850"	0.0479574369342786
"PGEN_.00g248710"	0.0479574369342786
"PGEN_.00g258180"	0.0479574369342786
"PGEN_.00g296050"	0.0480200346395137
"PGEN_.00g039940"	0.0480969833558475
"PGEN_.00g008500"	0.048271718621147
"PGEN_.00g064740"	0.0484599056361281
"PGEN_.00g291930"	0.0484599056361281
"PGEN_.00g260940"	0.0485140996095087
"PGEN_.00g300300"	0.0488987147785443
"PGEN_.00g125900"	0.0489744601798901
"PGEN_.00g210730"	0.0497769231462709
"PGEN_.00g031500"	0.0498545326147777
"PGEN_.00g102410"	0.0498545326147777
"PGEN_.00g052490"	0.0499052071729248
"PGEN_.00g012110"	0.0499337586719682
"PGEN_.00g202450"	0.0499337586719682
