"gene"	"adj.pval.Initial.Treatment"	"adj.pval.treatment"	"adj.pval.treatment1"	"adj.pval.treatment2"	"adj.pval.treatment1_x_treatment2"	"start"	"end"	"score"	"uniprot.id"	"Match.ID"	"m_start"	"m_end"	"E.value"	"identity"	"al"
"PGEN_.00g000280"	0.00756635905466832	1.32110937602825e-05	1.71285378317722e-07	0.627146382426752	8.25221706959982e-06	4	153	210	"Q8ZXT3"	"sp|Q8ZXT3|Y1111_PYRAE"	853	1012	1.1e-17	38.75	160
"PGEN_.00g001170"	0.0105803992721356	7.05598949870019e-19	0.000472789628747175	0.033074265646583	0.000541185065189269	488	811	819	"Q29M42"	"sp|Q29M42|C2D1_DROPS"	527	852	5.56e-95	46.177	327
"PGEN_.00g003320"	6.48464256607877e-11	0.0213411850809983	2.91715424921727e-14	0.0919591737758477	1.31809529355579e-13	NA	NA	NA	NA	NA	NA	NA	NA	NA	NA
"PGEN_.00g003330"	1.04663354759666e-25	4.22523897032944e-10	1.44356797810951e-39	0.69566261327284	8.23140488263426e-05	NA	NA	NA	NA	NA	NA	NA	NA	NA	NA
"PGEN_.00g006120"	0.00198515945663633	0.000406591959344497	0.00120707914284034	0.0711700933806135	0.0363605899148703	NA	NA	NA	NA	NA	NA	NA	NA	NA	NA
"PGEN_.00g010510"	5.74955941002062e-09	2.5135598417294e-09	0.376738255618305	0.503554678128563	0.0172093421525472	NA	NA	NA	NA	NA	NA	NA	NA	NA	NA
"PGEN_.00g014370"	1.70717113081924e-09	8.41767807885918e-07	0.00406538124388367	0.00259954545912392	0.0104609373332842	71	560	1513	"Q11002"	"sp|Q11002|CANA_DROME"	116	607	0	57.114	492
"PGEN_.00g015800"	0.0449118287036669	0.000407301388875473	0.0160140018578994	0.0113978152092618	4.87837697157983e-05	343	508	240	"O76840"	"sp|O76840|PPN1_CAEEL"	234	408	9.68e-20	33.333	180
"PGEN_.00g017070"	0.0332767830047335	4.16728632155478e-05	0.334712851533845	6.19417157666832e-07	7.91689619952913e-12	NA	NA	NA	NA	NA	NA	NA	NA	NA	NA
"PGEN_.00g017150"	0.000464836522083192	0.000317035911166122	8.62841046075522e-08	9.65784742381606e-52	3.19003448244804e-07	NA	NA	NA	NA	NA	NA	NA	NA	NA	NA
"PGEN_.00g017310"	1.1764018516626e-10	0.00201442159656649	3.14219525815894e-11	0.137950735410511	0.00012003851666389	NA	NA	NA	NA	NA	NA	NA	NA	NA	NA
"PGEN_.00g017320"	0.027290389182117	3.78044887377168e-21	0.0134026777318015	1.27753824225968e-09	3.14985863888369e-09	NA	NA	NA	NA	NA	NA	NA	NA	NA	NA
"PGEN_.00g019530"	0.0053030155052786	0.0163556751778743	0.0809662446226755	0.726696793835384	0.0486984092830612	21	468	384	"Q70E20"	"sp|Q70E20|SNED1_MOUSE"	21	423	9.02e-38	28.603	458
"PGEN_.00g024960"	3.67030485762219e-16	0.00943578777505138	2.31416964190717e-09	0.563458053843619	1.83380408240805e-05	NA	NA	NA	NA	NA	NA	NA	NA	NA	NA
"PGEN_.00g026390"	7.31748944995982e-11	4.09541051692717e-48	4.94952395712254e-38	7.75389547332754e-50	0.00179118912946325	NA	NA	NA	NA	NA	NA	NA	NA	NA	NA
"PGEN_.00g031500"	0.0498545326147777	0.0325856861099509	0.221470203269226	0.928210869672753	0.000278799571729025	1	139	360	"Q9WVL1"	"sp|Q9WVL1|AP4S1_MOUSE"	1	139	1.6e-43	45.324	139
"PGEN_.00g032670"	0.0176975692892726	2.79437581868458e-05	0.235853782108011	0.698748726025852	1.82876656883734e-07	NA	NA	NA	NA	NA	NA	NA	NA	NA	NA
"PGEN_.00g034240"	0.00151800002675283	1.18765864846474e-54	1.92079324806683e-08	2.59879592352157e-38	0.00128118103071913	NA	NA	NA	NA	NA	NA	NA	NA	NA	NA
"PGEN_.00g034500"	8.21643305860391e-08	1.95573722879261e-14	0.000190624302300185	0.395430148637166	5.02026203383189e-12	NA	NA	NA	NA	NA	NA	NA	NA	NA	NA
"PGEN_.00g035080"	1.61335887347129e-39	4.13913556540347e-23	3.38493472583218e-27	0.973426373411381	5.3683857543841e-14	NA	NA	NA	NA	NA	NA	NA	NA	NA	NA
"PGEN_.00g036880"	6.7768068017116e-10	3.34334575248643e-32	9.69782695304373e-08	1.71331908483891e-09	5.00738589646284e-19	150	408	265	"Q68CJ6"	"sp|Q68CJ6|SLIP_HUMAN"	9	276	2.54e-22	29.286	280
"PGEN_.00g038260"	8.44997324743996e-23	1.47833921938919e-06	0.0912155126747019	1.49493319012682e-39	2.32085496916331e-11	NA	NA	NA	NA	NA	NA	NA	NA	NA	NA
"PGEN_.00g043300"	1.25631747095955e-10	6.31058524324355e-08	0.0912311450323532	0.381457281914565	0.000284536841817487	315	463	328	"Q07076"	"sp|Q07076|ANXA7_MOUSE"	8	151	1.7e-35	46.309	149
"PGEN_.00g043790"	1.30398028402998e-73	6.593725058866e-228	7.06995124504302e-28	4.24894266454324e-55	3.10546364728877e-20	172	305	310	"P97346"	"sp|P97346|NXN_MOUSE"	7	138	2.67e-33	41.045	134
"PGEN_.00g044020"	0.0121022333538897	0.000159397060463946	0.0291723487286201	0.149967444691797	6.3944289331898e-14	NA	NA	NA	NA	NA	NA	NA	NA	NA	NA
"PGEN_.00g049230"	2.17097606665124e-267	1.46714825892617e-20	3.51843214943228e-35	0.397248409939461	4.54706449003701e-34	NA	NA	NA	NA	NA	NA	NA	NA	NA	NA
"PGEN_.00g050170"	0.00341193574831867	4.64115694780311e-15	0.0122988265832504	0.735261932419261	4.77101314052893e-11	NA	NA	NA	NA	NA	NA	NA	NA	NA	NA
"PGEN_.00g051430"	4.57083963530111e-07	1.26493504763468e-07	0.743340667592993	0.0275330999195033	3.63899800054801e-06	3	286	778	"Q2HJF4"	"sp|Q2HJF4|PBLD_BOVIN"	10	291	1.39e-102	55.594	286
"PGEN_.00g057380"	9.70625896658065e-09	0.000564642416227463	0.310358717401567	7.30328226628941e-12	6.60436949101386e-08	NA	NA	NA	NA	NA	NA	NA	NA	NA	NA
"PGEN_.00g057390"	0.000197861453694902	0.0141499179735634	0.236014350249625	0.000287743175805685	0.0496018477494092	146	607	1549	"Q9ES54"	"sp|Q9ES54|NPL4_RAT"	2	471	0	58.511	470
"PGEN_.00g062630"	2.56875886841803e-07	0.000475601421930292	0.00189961899382509	0.934560852240742	3.69347621092205e-07	40	422	668	"A0JMD4"	"sp|A0JMD4|TPC2_DANRE"	79	497	1.83e-75	41.05	419
"PGEN_.00g062900"	0.0129700641358931	1.7241445572527e-05	0.0312816886945324	0.0481306399389377	0.000554615861507744	NA	NA	NA	NA	NA	NA	NA	NA	NA	NA
"PGEN_.00g065280"	3.31327546038246e-05	0.000393643550677452	0.424420442446923	0.596170156848761	0.0496874106329156	64	550	672	"Q8BUG5"	"sp|Q8BUG5|CAYP2_MOUSE"	162	635	8.33e-79	34.274	496
"PGEN_.00g065330"	0.0143849863554862	1.07500669212096e-06	0.730021450676851	0.294228684996539	0.000576565954924893	NA	NA	NA	NA	NA	NA	NA	NA	NA	NA
"PGEN_.00g066200"	0.000132304838708539	0.0111417783038223	3.39173440983547e-06	0.58090120071781	2.60359849557757e-05	NA	NA	NA	NA	NA	NA	NA	NA	NA	NA
"PGEN_.00g067860"	0.00923811077352171	0.000335971155269592	0.0660399697349824	0.448425441626553	0.0124396964016345	NA	NA	NA	NA	NA	NA	NA	NA	NA	NA
"PGEN_.00g068720"	4.69321516489737e-50	3.57678581916193e-24	3.7206938691062e-14	3.04824651422142e-09	6.4607005212228e-28	NA	NA	NA	NA	NA	NA	NA	NA	NA	NA
"PGEN_.00g069610"	8.50006180782909e-14	2.0959382802677e-08	0.000144644115395007	0.00282750347505058	2.59508908651369e-11	NA	NA	NA	NA	NA	NA	NA	NA	NA	NA
"PGEN_.00g072260"	0.00767252090629021	0.00475770648242357	0.195622403792151	0.807370141407523	7.61334348649207e-05	48	361	295	"Q5XXP2"	"sp|Q5XXP2|OPN4_PHOSU"	10	313	4.37e-28	28.662	314
"PGEN_.00g073580"	2.39233811081345e-21	2.48417199589157e-36	0.265948515821603	0.0899267669831178	3.51522634915548e-08	NA	NA	NA	NA	NA	NA	NA	NA	NA	NA
"PGEN_.00g074780"	4.77610557785562e-06	3.5263828655384e-05	1.64751441306265e-11	0.561359856154418	6.01294400175435e-18	NA	NA	NA	NA	NA	NA	NA	NA	NA	NA
"PGEN_.00g076180"	2.85122931109085e-09	2.79527204907005e-10	4.50704695633396e-05	0.677303399392791	2.49134297273664e-09	139	240	255	"Q8JHV9"	"sp|Q8JHV9|BIR7A_XENLA"	127	222	1.74e-24	44.118	102
"PGEN_.00g077070"	5.82211511589337e-05	2.52291446225179e-16	0.0479839768969098	0.722974837374779	0.033890904695957	NA	NA	NA	NA	NA	NA	NA	NA	NA	NA
"PGEN_.00g078180"	0.000340291695655694	0.0188206684585067	0.937525850314864	0.577757749927598	2.03004709394546e-06	NA	NA	NA	NA	NA	NA	NA	NA	NA	NA
"PGEN_.00g078310"	0.00677752411758388	0.000995564982681839	0.0282720258767977	0.717104279031869	0.00746888456473829	167	1468	558	"P35992"	"sp|P35992|PTP10_DROME"	598	1978	8.4e-56	24.253	1472
"PGEN_.00g080870"	0.000204824887406086	5.41349190243008e-07	0.0145382405460513	0.237955633026357	3.65376527610529e-09	NA	NA	NA	NA	NA	NA	NA	NA	NA	NA
"PGEN_.00g090230"	1.02209533398923e-07	2.44451029486499e-07	0.251587707337026	0.663618016135141	0.00067227284623058	NA	NA	NA	NA	NA	NA	NA	NA	NA	NA
"PGEN_.00g097550"	5.85279948570918e-17	2.58926819998443e-08	7.05322613392745e-15	0.349760922881058	4.38801377538975e-27	NA	NA	NA	NA	NA	NA	NA	NA	NA	NA
"PGEN_.00g101020"	4.26800333550066e-05	2.32684254704946e-06	4.834369877021e-05	0.655597478781302	0.00146053868090002	NA	NA	NA	NA	NA	NA	NA	NA	NA	NA
"PGEN_.00g101030"	1.81813409680696e-46	6.50546262901363e-15	0.00193661836844924	3.96202213405499e-39	1.22921960666354e-35	NA	NA	NA	NA	NA	NA	NA	NA	NA	NA
"PGEN_.00g104730"	0.00179852130522763	6.71464796340932e-41	0.000592312770877281	7.89564517961758e-08	8.41833900327538e-61	NA	NA	NA	NA	NA	NA	NA	NA	NA	NA
"PGEN_.00g108490"	0.00010686309429131	1.07500669212096e-06	9.37331072200299e-06	1.33248527549182e-06	0.0164634059263804	NA	NA	NA	NA	NA	NA	NA	NA	NA	NA
"PGEN_.00g110260"	0.00498003684699226	3.29874250031434e-14	3.76404193249992e-08	0.86000090138441	0.00521194087872874	18	1765	1554	"Q39565"	"sp|Q39565|DYHB_CHLRE"	2	1812	3.95e-171	25.973	1952
"PGEN_.00g116710"	8.97269359572477e-28	5.74695367661108e-141	2.59268946275852e-83	1.47212029951078e-14	8.55872291008072e-32	314	1384	698	"B3EWY9"	"sp|B3EWY9|MLP_ACRMI"	1375	2432	4.6e-72	25.364	1167
"PGEN_.00g119520"	0.0351165759403185	0.00202249048298887	0.302970190987948	0.845250987491855	0.0374691219898065	NA	NA	NA	NA	NA	NA	NA	NA	NA	NA
"PGEN_.00g120380"	6.52007156533469e-08	9.89669192899473e-29	1.62252172053444e-06	0.0451359342816616	8.37241884463008e-06	NA	NA	NA	NA	NA	NA	NA	NA	NA	NA
"PGEN_.00g122230"	0.00872412570182088	3.42765446519205e-13	0.240699728343925	0.917437020638519	0.0174371851689746	NA	NA	NA	NA	NA	NA	NA	NA	NA	NA
"PGEN_.00g123920"	1.74215489421183e-11	1.69847835958214e-15	0.229018773290524	0.878677872912182	5.8266820716032e-07	NA	NA	NA	NA	NA	NA	NA	NA	NA	NA
"PGEN_.00g124830"	2.04093941123998e-06	0.00174276865074448	0.000119434987462933	0.52169386436817	1.10395423066714e-05	1746	2366	181	"D3YXG0"	"sp|D3YXG0|HMCN1_MOUSE"	127	795	5.8e-12	23.639	753
"PGEN_.00g125310"	0.0103902196401872	0.000309102872531105	0.0206454835707426	0.0276946901235372	2.36311489432789e-05	NA	NA	NA	NA	NA	NA	NA	NA	NA	NA
"PGEN_.00g126370"	0.00313905357096175	0.000208220662489247	0.00161527440418979	0.367156657337824	9.11016322213949e-08	NA	NA	NA	NA	NA	NA	NA	NA	NA	NA
"PGEN_.00g127230"	9.72634323990389e-89	5.75479164884325e-93	1.13574222047521e-11	9.07392821166048e-08	1.4219645468309e-91	NA	NA	NA	NA	NA	NA	NA	NA	NA	NA
"PGEN_.00g127570"	0.00148815595400645	5.83043899634794e-13	0.45186192210215	0.820101810707837	3.14395116475173e-17	NA	NA	NA	NA	NA	NA	NA	NA	NA	NA
"PGEN_.00g129780"	2.97538495866067e-13	8.43583897801632e-30	4.83736660831317e-28	0.0476599553158026	4.89774619225082e-20	66	335	294	"P61315"	"sp|P61315|G3ST3_MOUSE"	107	367	5.73e-28	28.315	279
"PGEN_.00g130160"	3.17301847736141e-08	1.38965138661489e-06	0.00584581123472313	0.0113978152092618	0.0413563140748495	29	274	258	"Q8BR93"	"sp|Q8BR93|HARB1_MOUSE"	24	239	2.64e-24	28.455	246
"PGEN_.00g136060"	9.7582939985614e-07	0.00368028413690785	0.400590327704019	0.483620311487436	5.7609014882408e-08	477	574	138	"Q9C5D2"	"sp|Q9C5D2|FBL4_ARATH"	5	99	1.49e-09	32.653	98
"PGEN_.00g139540"	1.12822792537192e-13	5.25314522136698e-13	4.07777145671402e-09	0.156145790550324	3.57404847000573e-11	NA	NA	NA	NA	NA	NA	NA	NA	NA	NA
"PGEN_.00g139560"	3.11967120065073e-10	1.74039648766883e-28	0.000313529746738533	0.123737982422903	1.91809658133796e-11	NA	NA	NA	NA	NA	NA	NA	NA	NA	NA
"PGEN_.00g139570"	3.90054894283204e-12	6.50964525270867e-26	1.19743318569004e-07	0.000287743175805685	2.82253228439773e-15	NA	NA	NA	NA	NA	NA	NA	NA	NA	NA
"PGEN_.00g140310"	1.14106539337965e-12	1.77980846313605e-43	4.17125095690759e-30	3.73305983521273e-29	2.09822654101435e-31	NA	NA	NA	NA	NA	NA	NA	NA	NA	NA
"PGEN_.00g142480"	0.0029812689274964	0.0431485995465462	0.329748506035399	0.97729332228858	0.00169335603205032	1	1025	3215	"Q5ZLA6"	"sp|Q5ZLA6|MYO1C_CHICK"	1	1029	0	58.124	1034
"PGEN_.00g143270"	1.24728438603604e-10	1.28347443064659e-14	1.41081904054638e-23	0.0327472628487409	0.0480764529375252	NA	NA	NA	NA	NA	NA	NA	NA	NA	NA
"PGEN_.00g149640"	2.77009958209978e-14	2.59842343114523e-24	1.38677054382198e-07	6.01388082433149e-56	5.32340461854331e-148	498	651	155	"Q80YX1"	"sp|Q80YX1|TENA_MOUSE"	66	207	3.75e-09	32.298	161
"PGEN_.00g160750"	2.49200261353812e-19	7.67124014813292e-12	0.0790594913016486	0.0202982527374641	1.05841343767528e-08	NA	NA	NA	NA	NA	NA	NA	NA	NA	NA
"PGEN_.00g164020"	1.27360345993926e-29	1.02282180686748e-10	0.00120274161243738	0.137950735410511	2.01768191001814e-05	58	1056	1467	"P16066"	"sp|P16066|ANPRA_HUMAN"	164	1180	0	35.943	1060
"PGEN_.00g165230"	1.64287010149907e-191	2.97807696504899e-288	7.16758688557994e-17	0.149967444691797	6.35586328034082e-241	913	985	210	"Q8IWY4"	"sp|Q8IWY4|SCUB1_HUMAN"	53	124	2.58e-19	52.055	73
"PGEN_.00g167410"	0.00608591077152272	0.000407301388875473	0.334815703200214	0.0182436158337974	0.00264513294824947	135	218	233	"Q9Y2V3"	"sp|Q9Y2V3|RX_HUMAN"	129	211	2.75e-19	59.524	84
"PGEN_.00g167890"	0	3.51950117789588e-85	2.45422345256617e-17	1.94054698114293e-84	8.41240723396327e-36	11	76	163	"Q91755"	"sp|Q91755|GRIK2_XENLA"	2	67	2.24e-13	43.939	66
"PGEN_.00g168070"	1.71490811788585e-44	3.74050677290482e-18	4.29756140460474e-09	6.03312872558528e-08	0.00120152606832838	NA	NA	NA	NA	NA	NA	NA	NA	NA	NA
"PGEN_.00g170010"	0.00240179826072756	1.32485707143877e-06	3.02077191359046e-06	6.31917333986541e-09	1.65545240782919e-06	NA	NA	NA	NA	NA	NA	NA	NA	NA	NA
"PGEN_.00g171780"	0.0340367838575723	1.95780226198792e-06	0.0497186275857521	0.0237031168935883	0.0239922577794556	53	539	1477	"P97363"	"sp|P97363|SPTC2_MOUSE"	5	489	0	63.45	487
"PGEN_.00g175550"	2.49488758999788e-18	2.17095671423841e-16	0.000531508578166095	1.83984992482806e-05	0.000125459863131163	48	363	1017	"Q2TAD9"	"sp|Q2TAD9|CYR1B_XENLA"	33	347	9.03e-137	56.329	316
"PGEN_.00g177130"	0.00172578149988469	0.00509559478657291	0.478601410459128	0.30934278168762	0.0144687772980479	NA	NA	NA	NA	NA	NA	NA	NA	NA	NA
"PGEN_.00g178040"	8.11044403864299e-05	1.96067994690517e-05	0.253165349127568	0.12941671055538	0.0105975292455414	32	610	1145	"Q8R4E1"	"sp|Q8R4E1|TIP_RAT"	40	624	2.03e-148	41.625	603
"PGEN_.00g180330"	0.0204370331674079	0.031315797807064	0.00120707914284034	0.0376259519178317	0.00352901763039914	NA	NA	NA	NA	NA	NA	NA	NA	NA	NA
"PGEN_.00g183880"	0.00145362095416388	1.95573722879261e-14	2.87991809996169e-05	0.0495739314487863	0.00336735401712515	1	101	477	"P21894"	"sp|P21894|SYAC_BOMMO"	110	210	1e-48	80.198	101
"PGEN_.00g185010"	2.31816518987778e-06	0.0211254233108429	0.874101344027148	0.801460375859917	0.0019789115543566	132	203	176	"Q8BVI5"	"sp|Q8BVI5|STX16_MOUSE"	1	70	3.25e-15	47.222	72
"PGEN_.00g186170"	5.108502633284e-18	5.00025351779334e-12	0.000152873753681959	0.561337931469331	3.25879607187475e-22	251	486	634	"P82251"	"sp|P82251|BAT1_HUMAN"	188	421	2.3e-76	54.622	238
"PGEN_.00g186290"	0.000118694755792296	1.12520756156299e-28	2.42634609159395e-08	0.453203400363245	1.72626831055716e-08	NA	NA	NA	NA	NA	NA	NA	NA	NA	NA
"PGEN_.00g190430"	4.80199180302452e-11	4.5803165745402e-05	1.78042371068993e-06	5.43751877981233e-09	7.13610149754777e-10	776	1198	357	"O75096"	"sp|O75096|LRP4_HUMAN"	53	482	1.31e-32	27.133	457
"PGEN_.00g193010"	3.5485783768599e-05	1.42285536019375e-16	0.0219082800360186	4.06137242532216e-05	0.000658530655455569	800	1005	368	"Q3UTY6"	"sp|Q3UTY6|THSD4_MOUSE"	361	572	1.64e-35	41.589	214
"PGEN_.00g193590"	1.68858074048012e-06	8.3298145848034e-07	0.000152873753681959	7.89564517961758e-08	0.0013449568999918	NA	NA	NA	NA	NA	NA	NA	NA	NA	NA
"PGEN_.00g194760"	8.16440717457701e-08	0.00201442159656649	5.41752365011091e-06	0.0440728121759044	3.6818760863098e-05	NA	NA	NA	NA	NA	NA	NA	NA	NA	NA
"PGEN_.00g196380"	0.0138495135434602	0.00868392382076894	0.667062063690312	0.00839332368724998	0.0249532242940891	NA	NA	NA	NA	NA	NA	NA	NA	NA	NA
"PGEN_.00g197680"	1.54641054455131e-11	1.99725662371072e-13	2.1803133586828e-05	0.108094483690144	0.033936008120786	NA	NA	NA	NA	NA	NA	NA	NA	NA	NA
"PGEN_.00g198010"	1.06405216746726e-94	3.14682131842777e-147	9.64008062951475e-218	5.46602432030074e-250	3.52517785171167e-36	33	449	429	"P05099"	"sp|P05099|MATN1_CHICK"	30	455	1.13e-44	28.539	438
"PGEN_.00g198290"	0.000464836522083192	5.41354162994984e-40	8.19323689469978e-58	0.0394132252514472	0.00479165863705261	NA	NA	NA	NA	NA	NA	NA	NA	NA	NA
"PGEN_.00g204300"	6.38763385703709e-07	4.84932527444412e-05	0.075431768735557	0.00253377831356003	0.00833639855261288	NA	NA	NA	NA	NA	NA	NA	NA	NA	NA
"PGEN_.00g207530"	6.19166593724204e-05	0.000382098394348242	0.157730274205583	0.615909473364577	1.16310532916614e-08	2	154	142	"P74148"	"sp|P74148|Y1388_SYNY3"	11	153	1.43e-10	25.161	155
"PGEN_.00g207540"	0.00352946987819336	0.0146260488022387	0.517702680995973	0.756549653815286	0.000127462083946429	NA	NA	NA	NA	NA	NA	NA	NA	NA	NA
"PGEN_.00g208340"	3.67030485762219e-16	9.19016557932913e-05	0.826568578290717	0.385821018295093	0.000157174342498165	NA	NA	NA	NA	NA	NA	NA	NA	NA	NA
"PGEN_.00g208580"	1.51022692051445e-76	5.99597897942266e-22	1.03136977839068e-38	0.314910735124238	3.8494403659649e-72	5	349	996	"Q3L254"	"sp|Q3L254|WNT7B_CHICK"	9	352	7.69e-134	55.908	347
"PGEN_.00g211830"	0.00298653749416712	0.0039339298460543	4.01904499928186e-09	0.15880710215687	9.42502300001256e-33	1065	1361	776	"P16056"	"sp|P16056|MET_MOUSE"	192	491	4.67e-90	50	302
"PGEN_.00g213350"	3.99758363185048e-63	8.26863450815675e-06	0.359930006418995	1.76493897431915e-20	1.16242473609187e-09	17	667	1814	"Q5U3U3"	"sp|Q5U3U3|CPT2_DANRE"	15	641	0	52.824	655
"PGEN_.00g216290"	0.0116211393913051	5.0548225370403e-09	0.349808815767504	0.0332100715752805	0.00010477079400529	745	1300	1198	"Q5XPI4"	"sp|Q5XPI4|RN123_HUMAN"	169	684	1.28e-147	40.82	561
"PGEN_.00g223280"	0.019293980008198	0.0107621043492638	0.7730122697658	0.0275330999195033	0.00123928089999415	4	244	268	"Q7Z9I2"	"sp|Q7Z9I2|YCP9_SCHPO"	19	257	3.64e-26	31.25	256
"PGEN_.00g228070"	4.19447590360049e-06	2.12545568758739e-07	0.529461758155989	0.954687641489269	7.78396200029728e-08	NA	NA	NA	NA	NA	NA	NA	NA	NA	NA
"PGEN_.00g228650"	0.00122778207585526	0.0188580644414582	0.0445644606480047	0.00195030763925554	0.000187959792335434	177	357	162	"Q56R14"	"sp|Q56R14|TRI33_XENLA"	15	194	2.76e-10	28.272	191
"PGEN_.00g231770"	3.88337077143344e-65	9.89669192899473e-29	5.26145303244884e-46	1.03829268871114e-23	6.87310962916746e-19	NA	NA	NA	NA	NA	NA	NA	NA	NA	NA
"PGEN_.00g233360"	1.50659266182294e-34	4.01505010651367e-32	3.13137481516856e-15	5.01625188404914e-60	5.15525605229357e-07	NA	NA	NA	NA	NA	NA	NA	NA	NA	NA
"PGEN_.00g234920"	2.6103944552448e-05	0.00331325173339818	6.47449880113536e-06	0.160760371715348	7.78396200029728e-08	NA	NA	NA	NA	NA	NA	NA	NA	NA	NA
"PGEN_.00g237520"	0.0116211393913051	0.0433528867579645	3.48503358596652e-10	5.31716454607257e-10	4.14206655053566e-07	47	337	365	"P61315"	"sp|P61315|G3ST3_MOUSE"	58	350	6.49e-38	30.464	302
"PGEN_.00g243810"	5.09279859899756e-07	0.000846628671979666	0.00326345023811354	0.695341115015561	0.0337538482409067	23	385	402	"Q13231"	"sp|Q13231|CHIT1_HUMAN"	198	553	8.1e-41	31.053	380
"PGEN_.00g245920"	0.00272832904894314	7.71626962600833e-05	0.00191592071943769	0.0724069180772028	0.0407364231531465	1031	1909	1004	"Q99973"	"sp|Q99973|TEP1_HUMAN"	92	970	5.41e-114	30.381	892
"PGEN_.00g257000"	0.0126188118486088	0.00534041904814011	0.174435592358466	0.00874962409081621	0.00308263243289474	NA	NA	NA	NA	NA	NA	NA	NA	NA	NA
"PGEN_.00g260930"	7.86001446657854e-05	0.0067340305268541	0.331157910785059	0.408947263146075	0.0028795027890943	NA	NA	NA	NA	NA	NA	NA	NA	NA	NA
"PGEN_.00g263790"	2.4734270637564e-08	2.63572215540878e-05	0.482081601196047	0.581243406817477	3.82882964019241e-09	41	179	203	"Q9I926"	"sp|Q9I926|FUCL6_ANGJA"	27	159	4.34e-17	35.211	142
"PGEN_.00g270020"	0.000984166166334832	0.0163556751778743	0.920689470719069	0.084543488290265	4.12413600170001e-05	177	513	424	"Q6P1L5"	"sp|Q6P1L5|F117B_HUMAN"	50	416	7.44e-45	39.737	380
"PGEN_.00g270670"	0.0297707224100823	0.00232893539055927	0.12351472779954	0.65966599947537	0.00149879080293908	NA	NA	NA	NA	NA	NA	NA	NA	NA	NA
"PGEN_.00g271680"	0.00159803007432835	6.23451666742146e-12	4.42262010123756e-14	0.000485084221402946	4.08880574255561e-12	34	266	180	"Q5U504"	"sp|Q5U504|KLH40_XENLA"	99	330	2.32e-12	22.363	237
"PGEN_.00g277910"	4.4767466219471e-124	1.80557628362633e-81	4.5254471541642e-46	2.95627480949376e-11	1.47145743606311e-28	41	597	785	"Q61165"	"sp|Q61165|SL9A1_MOUSE"	58	621	5.45e-91	39.292	565
"PGEN_.00g278820"	4.20859715071636e-44	2.37198874111846e-16	1.67069610468078e-88	0.000694257070684539	1.01172382756703e-05	NA	NA	NA	NA	NA	NA	NA	NA	NA	NA
"PGEN_.00g279140"	1.9063954100382e-81	2.07154754208044e-46	1.18777079513547e-16	3.37345096737783e-104	1.25437906418519e-90	14	253	355	"P50164"	"sp|P50164|TRN2_HYONI"	72	316	8.26e-39	34.413	247
"PGEN_.00g279150"	1.79895250745383e-179	3.7194320423539e-07	1.57528980879597e-181	1.95614019757677e-13	2.97778336483659e-44	1	394	901	"Q11D10"	"sp|Q11D10|ASSY_CHESB"	1	362	3.74e-118	46.734	398
"PGEN_.00g279730"	5.45877178265447e-13	1.36672865873327e-05	2.63800087567517e-15	0.748335708993203	1.38531835254799e-19	1	556	1232	"Q5R6S0"	"sp|Q5R6S0|ABHGA_PONAB"	1	522	8.34e-164	43.447	557
"PGEN_.00g279870"	2.82104199140841e-05	1.18288283240927e-20	0.0864670721817365	0.715168256271042	0.0172002265056404	105	639	2066	"P00522"	"sp|P00522|ABL_DROME"	27	519	0	68.411	535
"PGEN_.00g284710"	1.17071721629921e-05	5.77145450235073e-07	1.23602227170897e-05	0.0060123210060919	3.74458183601611e-64	NA	NA	NA	NA	NA	NA	NA	NA	NA	NA
"PGEN_.00g285330"	3.35377711984553e-22	1.13391652803318e-11	1.23649098782073e-17	0.000166253705858907	3.309105878395e-05	NA	NA	NA	NA	NA	NA	NA	NA	NA	NA
"PGEN_.00g291910"	7.59354194203148e-83	2.25802623428799e-18	1.27059436128725e-182	0.786151097303722	1.38480073598538e-31	1	368	463	"Q4PJX1"	"sp|Q4PJX1|ODR4_MOUSE"	1	354	1.37e-51	30.946	391
"PGEN_.00g291920"	1.50972701314974e-25	4.00323337932056e-28	0.00135098043131589	4.47244894640964e-05	0.00510709680995733	NA	NA	NA	NA	NA	NA	NA	NA	NA	NA
"PGEN_.00g292360"	2.44287549553439e-09	0.0256044248380326	1.62830704837643e-05	0.577757749927598	0.00274293815446852	NA	NA	NA	NA	NA	NA	NA	NA	NA	NA
"PGEN_.00g293770"	1.63560572871685e-08	0.0246015604046524	1.7537595123665e-07	3.64048519281508e-18	9.45691886568665e-06	NA	NA	NA	NA	NA	NA	NA	NA	NA	NA
"PGEN_.00g295480"	1.76254021053524e-35	4.20296355045214e-48	5.60559464634012e-41	0.411452458303515	1.64409321254238e-33	NA	NA	NA	NA	NA	NA	NA	NA	NA	NA
"PGEN_.00g299380"	5.01811854043619e-05	0.00043034525785343	2.56559300898401e-13	0.0240846875451168	0.01106058565942	414	1133	415	"C0HL13"	"sp|C0HL13|LRP2_PIG"	67	889	2.52e-39	23.023	860
"PGEN_.00g299840"	4.12993846141524e-13	0.000941121379118418	0.00246643523910897	0.86000090138441	8.53785882851644e-06	NA	NA	NA	NA	NA	NA	NA	NA	NA	NA
"PGEN_.00g302860"	4.07493744222091e-08	1.94542540885941e-14	0.101061264865538	3.68653763384382e-38	2.88001769935698e-35	125	452	199	"Q6NT16"	"sp|Q6NT16|S18B1_HUMAN"	308	615	5.64e-15	27.247	356
"PGEN_.00g304250"	0.017509385562031	0.000382098394348242	0.00993253798745698	0.314910735124238	1.03548926889551e-06	NA	NA	NA	NA	NA	NA	NA	NA	NA	NA
"PGEN_.00g305680"	2.01785992176918e-06	0.000112949844443365	0.0153161923027104	0.191794819458757	3.49365845767882e-09	106	336	306	"O88873"	"sp|O88873|GMEB2_RAT"	88	365	6.69e-29	27.66	282
"PGEN_.00g308970"	9.25141044725216e-26	0.000202673331910409	0.00590963707571896	1.60921177529929e-11	8.13902919127236e-06	494	759	256	"Q93075"	"sp|Q93075|TATD2_HUMAN"	624	895	3e-21	28.374	289
"PGEN_.00g310520"	4.68198972543139e-05	4.66843201854927e-06	0.339313535673039	0.449101917041325	0.0237580334150565	NA	NA	NA	NA	NA	NA	NA	NA	NA	NA
"PGEN_.00g311750"	1.7270861119996e-05	0.0026392865822521	4.57000090505302e-09	0.00027198764726015	3.74688416315205e-12	NA	NA	NA	NA	NA	NA	NA	NA	NA	NA
"PGEN_.00g312690"	1.95261166442312e-27	3.67189421705661e-06	0.000604925825389172	0.000785721959660744	2.21950279544421e-05	80	304	360	"Q6AZB8"	"sp|Q6AZB8|HARB1_DANRE"	16	237	3.15e-39	35.526	228
"PGEN_.00g316050"	0.00110391061610272	7.66305737703673e-05	0.000977101690941986	0.801460375859917	2.02905881955566e-05	NA	NA	NA	NA	NA	NA	NA	NA	NA	NA
"PGEN_.00g322650"	1.29691595075483e-44	1.91816727020192e-25	0.00365354169520244	0.145911539572318	5.63900666906101e-51	91	453	419	"P22699"	"sp|P22699|GUN6_DICDI"	1	372	1.22e-43	32.812	384
"PGEN_.00g325420"	0.013402559375916	0.0362948773182892	0.637129851759291	0.37798687971179	2.31137860418507e-05	3	126	404	"Q6UX40"	"sp|Q6UX40|TM107_HUMAN"	2	125	1.9e-50	58.065	124
"PGEN_.00g328960"	5.51916196176263e-24	7.30136346523112e-08	1.98231221812466e-06	1.2745391470121e-05	3.62843563289569e-26	36	217	288	"B3EWZ8"	"sp|B3EWZ8|ECT_ACRMI"	100	272	2.33e-28	34.615	182
"PGEN_.00g333690"	2.22765576291156e-11	5.57139793932871e-12	4.38182916225311e-10	1.63792683341268e-05	3.01064396424771e-07	NA	NA	NA	NA	NA	NA	NA	NA	NA	NA
"PGEN_.00g336030"	9.25717992022673e-08	0.000307274892956679	0.790436079062402	0.643337311963661	0.00188406342550593	107	707	1235	"O88327"	"sp|O88327|CTNL1_MOUSE"	26	649	7.76e-159	43.218	634
"PGEN_.00g337830"	0.00249504162574228	6.60470944172958e-06	0.659884654964079	0.793899330510244	0.00071824050713944	NA	NA	NA	NA	NA	NA	NA	NA	NA	NA
"PGEN_.00g337850"	2.87464045048805e-26	2.93091405771266e-13	0.149642756996541	0.717104279031869	9.09693611676453e-14	115	273	207	"Q8Q0U0"	"sp|Q8Q0U0|Y045_METMA"	103	264	2.56e-16	34.568	162
"PGEN_.00g342450"	2.38829347613209e-39	1.31333834690568e-11	1.40367055153237e-20	0.636084371320491	2.91219874256901e-20	NA	NA	NA	NA	NA	NA	NA	NA	NA	NA
"PGEN_.00g345410"	1.98297932550517e-21	6.24758814366074e-150	1.02307055572594e-68	4.14603088324134e-07	5.68276820468256e-53	191	367	153	"Q29485"	"sp|Q29485|PLMN_ERIEU"	290	454	4.47e-09	25.824	182
